ID,,Name,,Type,,Category,,Contest,,PP,,Power,,Accuracy %,,Gen,,DescORAS
1,,Pound,,Normal,,P,,T,,35,,40,,100,,1,,"The target is physically pounded with a long tail, a foreleg, or the like."
2,,Karate Chop,,Fighting,,P,,T,,25,,50,,100,,1,,The target is attacked with a sharp chop. Critical hits land more easily.
3,,Double Slap,,Normal,,P,,Cu,,10,,15,,85,,1,,"The target is slapped repeatedly, back and forth, two to five times in a row."
4,,Comet Punch,,Normal,,P,,T,,15,,18,,85,,1,,The target is hit with a flurry of punches that strike two to five times in a row.
5,,Mega Punch,,Normal,,P,,T,,20,,80,,85,,1,,The target is slugged by a punch thrown with muscle-packed power.
6,,Pay Day,,Normal,,P,,C,,20,,40,,100,,1,,Numerous coins are hurled at the target to inflict damage. Money is earned after the battle.
7,,Fire Punch,,Fire,,P,,T,,15,,75,,100,,1,,The target is punched with a fiery fist. This may also leave the target with a burn.
8,,Ice Punch,,Ice,,P,,B,,15,,75,,100,,1,,The target is punched with an icy fist. This may also leave the target frozen.
9,,Thunder Punch,,Electric,,P,,C,,15,,75,,100,,1,,The target is punched with an electrified fist. This may also leave the target with paralysis.
10,,Scratch,,Normal,,P,,T,,35,,40,,100,,1,,"Hard, pointed, sharp claws rake the target to inflict damage."
11,,Vice Grip,,Normal,,P,,T,,30,,55,,100,,1,,The target is gripped and squeezed from both sides to inflict damage.
12,,Guillotine,,Normal,,P,,C,,5,,n/a,,n/a,,1,,"A vicious, tearing attack with big pincers. The target faints instantly if this attack hits."
13,,Razor Wind,,Normal,,Sp,,C,,10,,80,,100,,1,,A two-turn attack. Blades of wind hit opposing Pok{E[ACUTE]}mon on the second turn. Critical hits land more easily.
14,,Swords Dance,,Normal,,St,,B,,20,,n/a,,n/a,,1,,A frenetic dance to uplift the fighting spirit. This sharply raises the user's Attack stat.
15,,Cut,,Normal,,P,,C,,30,,50,,95,,1,,The target is cut with a scythe or claw. This can also be used to cut down thin trees.
16,,Gust,,Flying,,Sp,,Cl,,35,,40,,100,,1,,A gust of wind is whipped up by wings and launched at the target to inflict damage.
17,,Wing Attack,,Flying,,P,,C,,35,,60,,100,,1,,"The target is struck with large, imposing wings spread wide to inflict damage."
18,,Whirlwind,,Normal,,St,,Cl,,20,,n/a,,n/a,,1,,"The target is blown away, and a different Pok{E[ACUTE]}mon is dragged out. In the wild, this ends a battle against a single Pok{E[ACUTE]}mon."
19,,Fly,,Flying,,P,,Cl,,15,,90,,95,,1,,The user soars and then strikes its target on the next turn. This can also be used to fly to any familiar town.
20,,Bind,,Normal,,P,,T,,20,,15,,85,,1,,Things such as long bodies or tentacles are used to bind and squeeze the target for four to five turns.
21,,Slam,,Normal,,P,,T,,20,,80,,75,,1,,"The target is slammed with a long tail, vines, or the like to inflict damage."
22,,Vine Whip,,Grass,,P,,C,,25,,45,,100,,1,,"The target is struck with slender, whiplike vines to inflict damage."
23,,Stomp,,Normal,,P,,T,,20,,65,,100,,1,,The target is stomped with a big foot. This may also make the target flinch.
24,,Double Kick,,Fighting,,P,,C,,30,,30,,100,,1,,The target is quickly kicked twice in succession using both feet.
25,,Mega Kick,,Normal,,P,,C,,5,,120,,75,,1,,The target is attacked by a kick launched with muscle-packed power.
26,,Jump Kick,,Fighting,,P,,C,,10,,100,,95,,1,,"The user jumps up high, then strikes with a kick. If the kick misses, the user hurts itself."
27,,Rolling Kick,,Fighting,,P,,C,,15,,60,,85,,1,,"The user lashes out with a quick, spinning kick. This may also make the target flinch."
28,,Sand Attack,,Ground,,St,,Cu,,15,,n/a,,100,,1,,"Sand is hurled in the target's face, reducing the target's accuracy."
29,,Headbutt,,Normal,,P,,T,,15,,70,,100,,1,,The user sticks out its head and attacks by charging straight into the target. This may also make the target flinch.
30,,Horn Attack,,Normal,,P,,C,,25,,65,,100,,1,,The target is jabbed with a sharply pointed horn to inflict damage.
31,,Fury Attack,,Normal,,P,,C,,20,,15,,85,,1,,The target is jabbed repeatedly with a horn or beak two to five times in a row.
32,,Horn Drill,,Normal,,P,,C,,5,,n/a,,n/a,,1,,The user stabs the target with a horn that rotates like a drill. The target faints instantly if this attack hits.
33,,Tackle,,Normal,,P,,T,,35,,50,,100,,1,,A physical attack in which the user charges and slams into the target with its whole body.
34,,Body Slam,,Normal,,P,,T,,15,,85,,100,,1,,The user drops onto the target with its full body weight. This may also leave the target with paralysis.
35,,Wrap,,Normal,,P,,T,,20,,15,,90,,1,,A long body or vines are used to wrap and squeeze the target for four to five turns.
36,,Take Down,,Normal,,P,,T,,20,,90,,85,,1,,"A reckless, full-body charge attack for slamming into the target. This also damages the user a little."
37,,Thrash,,Normal,,P,,T,,10,,120,,100,,1,,The user rampages and attacks for two to three turns. The user then becomes confused.
38,,Double-Edge,,Normal,,P,,T,,15,,120,,100,,1,,"A reckless, life-risking tackle. This also damages the user quite a lot."
39,,Tail Whip,,Normal,,St,,Cu,,30,,n/a,,100,,1,,"The user wags its tail cutely, making opposing Pok{E[ACUTE]}mon less wary and lowering their Defense stat."
40,,Poison Sting,,Poison,,P,,Cl,,35,,15,,100,,1,,The user stabs the target with a poisonous stinger. This may also poison the target.
41,,Twineedle,,Bug,,P,,C,,20,,25,,100,,1,,The user damages the target twice in succession by jabbing it with two spikes. This may also poison the target.
42,,Pin Missile,,Bug,,P,,C,,20,,25,,95,,1,,Sharp spikes are shot at the target in rapid succession. They hit two to five times in a row.
43,,Leer,,Normal,,St,,C,,30,,n/a,,100,,1,,The user gives opposing Pok{E[ACUTE]}mon an intimidating leer that lowers the Defense stat.
44,,Bite,,Dark,,P,,T,,25,,60,,100,,1,,The target is bitten with viciously sharp fangs. This may also make the target flinch.
45,,Growl,,Normal,,St,,Cu,,40,,n/a,,100,,1,,"The user growls in an endearing way, making opposing Pok{E[ACUTE]}mon less wary. This lowers their Attack stats."
46,,Roar,,Normal,,St,,C,,20,,n/a,,n/a,,1,,"The target is scared off and a different Pok{E[ACUTE]}mon is dragged out. In the wild, this ends a battle against a single Pok{E[ACUTE]}mon."
47,,Sing,,Normal,,St,,Cu,,15,,n/a,,55,,1,,A soothing lullaby is sung in a calming voice that puts the target into a deep slumber.
48,,Supersonic,,Normal,,St,,Cl,,20,,,,55,,1,,The user generates odd sound waves from its body that confuse the target.
49,,Sonic Boom,,Normal,,Sp,,C,,20,,n/a,,90,,1,,The target is hit with a destructive shock wave that always inflicts 20 HP damage.
50,,Disable,,Normal,,St,,Cl,,20,,n/a,,100,,1,,"For four turns, this move prevents the target from using the move it last used."
51,,Acid,,Poison,,Sp,,Cl,,30,,40,,100,,1,,The opposing Pok{E[ACUTE]}mon are attacked with a spray of harsh acid. This may also lower their Sp. Def stats.
52,,Ember,,Fire,,Sp,,Cu,,25,,40,,100,,1,,The target is attacked with small flames. This may also leave the target with a burn.
53,,Flamethrower,,Fire,,Sp,,B,,15,,90,,100,,1,,The target is scorched with an intense blast of fire. This may also leave the target with a burn.
54,,Mist,,Ice,,St,,B,,30,,n/a,,n/a,,1,,The user cloaks itself and its allies in a white mist that prevents any of their stats from being lowered for five turns.
55,,Water Gun,,Water,,Sp,,Cu,,25,,40,,100,,1,,The target is blasted with a forceful shot of water.
56,,Hydro Pump,,Water,,Sp,,B,,5,,110,,80,,1,,The target is blasted by a huge volume of water launched under great pressure.
57,,Surf,,Water,,Sp,,B,,15,,90,,100,,1,,The user attacks everything around it by swamping its surroundings with a giant wave. This can also be used for crossing water.
58,,Ice Beam,,Ice,,Sp,,B,,10,,90,,100,,1,,The target is struck with an icy-cold beam of energy. This may also leave the target frozen.
59,,Blizzard,,Ice,,Sp,,B,,5,,110,,70,,1,,A howling blizzard is summoned to strike opposing Pok{E[ACUTE]}mon. This may also leave the opposing Pok{E[ACUTE]}mon frozen.
60,,Psybeam,,Psychic,,Sp,,B,,20,,65,,100,,1,,The target is attacked with a peculiar ray. This may also leave the target confused.
61,,Bubble Beam,,Water,,Sp,,B,,20,,65,,100,,1,,A spray of bubbles is forcefully ejected at the target. This may also lower its Speed stat.
62,,Aurora Beam,,Ice,,Sp,,B,,20,,65,,100,,1,,The target is hit with a rainbow-colored beam. This may also lower the target's Attack stat.
63,,Hyper Beam,,Normal,,Sp,,C,,5,,150,,90,,1,,The target is attacked with a powerful beam. The user can't move on the next turn.
64,,Peck,,Flying,,P,,C,,35,,35,,100,,1,,The target is jabbed with a sharply pointed beak or horn.
65,,Drill Peck,,Flying,,P,,C,,20,,80,,100,,1,,A corkscrewing attack with a sharp beak acting as a drill.
66,,Submission,,Fighting,,P,,C,,25,,80,,80,,1,,The user grabs the target and recklessly dives for the ground. This also damages the user a little.
67,,Low Kick,,Fighting,,P,,T,,20,,n/a,,100,,1,,"A powerful low kick that makes the target fall over. The heavier the target, the greater the move's power."
68,,Counter,,Fighting,,P,,T,,20,,n/a,,100,,1,,"A retaliation move that counters any physical attack, inflicting double the damage taken."
69,,Seismic Toss,,Fighting,,P,,T,,20,,n/a,,100,,1,,The target is thrown using the power of gravity. It inflicts damage equal to the user's level.
70,,Strength,,Normal,,P,,T,,15,,80,,100,,1,,The target is slugged with a punch thrown at maximum power. This can also be used to move heavy boulders.
71,,Absorb,,Grass,,Sp,,Cl,,25,,20,,100,,1,,A nutrient-draining attack. The user's HP is restored by half the damage taken by the target.
72,,Mega Drain,,Grass,,Sp,,Cl,,15,,40,,100,,1,,A nutrient-draining attack. The user's HP is restored by half the damage taken by the target.
73,,Leech Seed,,Grass,,St,,Cl,,10,,n/a,,90,,1,,A seed is planted on the target. It steals some HP from the target every turn.
74,,Growth,,Normal,,St,,B,,20,,n/a,,n/a,,1,,"The user's body grows all at once, raising the Attack and Sp. Atk stats."
75,,Razor Leaf,,Grass,,P,,C,,25,,55,,95,,1,,Sharp-edged leaves are launched to slash at the opposing Pok{E[ACUTE]}mon. Critical hits land more easily.
76,,Solar Beam,,Grass,,Sp,,C,,10,,120,,100,,1,,"A two-turn attack. The user gathers light, then blasts a bundled beam on the next turn."
77,,Poison Powder,,Poison,,St,,Cl,,35,,n/a,,75,,1,,The user scatters a cloud of poisonous dust on the target. This may also poison the target.
78,,Stun Spore,,Grass,,St,,Cl,,30,,n/a,,75,,1,,The user scatters a cloud of numbing powder that paralyzes the target.
79,,Sleep Powder,,Grass,,St,,Cl,,15,,n/a,,75,,1,,The user scatters a big cloud of sleep-inducing dust around the target.
80,,Petal Dance,,Grass,,Sp,,B,,10,,120,,100,,1,,The user attacks the target by scattering petals for two to three turns. The user then becomes confused.
81,,String Shot,,Bug,,St,,Cl,,40,,n/a,,95,,1,,The opposing Pok{E[ACUTE]}mon are bound with silk blown from the user's mouth that harshly lowers the Speed stat.
82,,Dragon Rage,,Dragon,,Sp,,C,,10,,n/a,,100,,1,,This attack hits the target with a shock wave of pure rage. This attack always inflicts 40 HP damage.
83,,Fire Spin,,Fire,,Sp,,B,,15,,35,,85,,1,,The target becomes trapped within a fierce vortex of fire that rages for four to five turns.
84,,Thunder Shock,,Electric,,Sp,,C,,30,,40,,100,,1,,A jolt of electricity crashes down on the target to inflict damage. This may also leave the target with paralysis.
85,,Thunderbolt,,Electric,,Sp,,C,,15,,90,,100,,1,,A strong electric blast crashes down on the target. This may also leave the target with paralysis.
86,,Thunder Wave,,Electric,,St,,C,,20,,n/a,,100,,1,,The user launches a weak jolt of electricity that paralyzes the target.
87,,Thunder,,Electric,,Sp,,C,,10,,110,,70,,1,,A wicked thunderbolt is dropped on the target to inflict damage. This may also leave the target with paralysis.
88,,Rock Throw,,Rock,,P,,T,,15,,50,,90,,1,,The user picks up and throws a small rock at the target to attack.
89,,Earthquake,,Ground,,P,,T,,10,,100,,100,,1,,The user sets off an earthquake that strikes every Pok{E[ACUTE]}mon around it.
90,,Fissure,,Ground,,P,,T,,5,,n/a,,n/a,,1,,The user opens up a fissure in the ground and drops the target in. The target faints instantly if this attack hits.
91,,Dig,,Ground,,P,,T,,10,,80,,100,,1,,"The user burrows, then attacks on the next turn. It can also be used to exit dungeons."
92,,Toxic,,Poison,,St,,Cl,,10,,n/a,,90,,1,,A move that leaves the target badly poisoned. Its poison damage worsens every turn.
93,,Confusion,,Psychic,,Sp,,Cl,,25,,50,,100,,1,,The target is hit by a weak telekinetic force. This may also confuse the target.
94,,Psychic,,Psychic,,Sp,,Cl,,10,,90,,100,,1,,The target is hit by a strong telekinetic force. This may also lower the target's Sp. Def stat.
95,,Hypnosis,,Psychic,,St,,Cl,,20,,n/a,,60,,1,,The user employs hypnotic suggestion to make the target fall into a deep sleep.
96,,Meditate,,Psychic,,St,,B,,40,,n/a,,n/a,,1,,The user meditates to awaken the power deep within its body and raise its Attack stat.
97,,Agility,,Psychic,,St,,C,,30,,n/a,,n/a,,1,,The user relaxes and lightens its body to move faster. This sharply raises the Speed stat.
98,,Quick Attack,,Normal,,P,,C,,30,,40,,100,,1,,The user lunges at the target at a speed that makes it almost invisible. This move always goes first.
99,,Rage,,Normal,,P,,T,,20,,20,,100,,1,,"As long as this move is in use, the power of rage raises the Attack stat each time the user is hit in battle."
100,,Teleport,,Psychic,,St,,C,,20,,n/a,,n/a,,1,,Use it to flee from any wild Pok{E[ACUTE]}mon. It can also warp to the last Pok{E[ACUTE]}mon Center visited.
101,,Night Shade,,Ghost,,Sp,,Cl,,15,,n/a,,100,,1,,The user makes the target see a frightening mirage. It inflicts damage equal to the user's level.
102,,Mimic,,Normal,,St,,Cu,,10,,n/a,,100,,1,,The user copies the target's last move. The move can be used during battle until the Pok{E[ACUTE]}mon is switched out.
103,,Screech,,Normal,,St,,Cl,,40,,n/a,,85,,1,,An earsplitting screech harshly lowers the target's Defense stat.
104,,Double Team,,Normal,,St,,C,,15,,n/a,,n/a,,1,,"By moving rapidly, the user makes illusory copies of itself to raise its evasiveness."
105,,Recover,,Normal,,St,,Cl,,10,,n/a,,n/a,,1,,"Restoring its own cells, the user restores its own HP by half of its max HP."
106,,Harden,,Normal,,St,,T,,30,,n/a,,n/a,,1,,The user stiffens all the muscles in its body to raise its Defense stat.
107,,Minimize,,Normal,,St,,Cu,,10,,n/a,,n/a,,1,,"The user compresses its body to make itself look smaller, which sharply raises its evasiveness."
108,,Smokescreen,,Normal,,St,,Cl,,20,,n/a,,100,,1,,The user releases an obscuring cloud of smoke or ink. This lowers the target's accuracy.
109,,Confuse Ray,,Ghost,,St,,Cl,,10,,n/a,,100,,1,,The target is exposed to a sinister ray that triggers confusion.
110,,Withdraw,,Water,,St,,Cu,,40,,n/a,,n/a,,1,,"The user withdraws its body into its hard shell, raising its Defense stat."
111,,Defense Curl,,Normal,,St,,Cu,,40,,n/a,,n/a,,1,,The user curls up to conceal weak spots and raise its Defense stat.
112,,Barrier,,Psychic,,St,,C,,20,,n/a,,n/a,,1,,The user throws up a sturdy wall that sharply raises its Defense stat.
113,,Light Screen,,Psychic,,St,,B,,30,,n/a,,n/a,,1,,A wondrous wall of light is put up to reduce damage from special attacks for five turns.
114,,Haze,,Ice,,St,,B,,30,,n/a,,n/a,,1,,The user creates a haze that eliminates every stat change among all the Pok{E[ACUTE]}mon engaged in battle.
115,,Reflect,,Psychic,,St,,Cl,,20,,n/a,,n/a,,1,,A wondrous wall of light is put up to reduce damage from physical attacks for five turns.
116,,Focus Energy,,Normal,,St,,C,,30,,n/a,,n/a,,1,,The user takes a deep breath and focuses so that critical hits land more easily.
117,,Bide,,Normal,,P,,T,,10,,n/a,,100,,1,,"The user endures attacks for two turns, then strikes back to cause double the damage taken."
118,,Metronome,,Normal,,St,,Cu,,10,,n/a,,n/a,,1,,The user waggles a finger and stimulates its brain into randomly using nearly any move.
119,,Mirror Move,,Flying,,St,,Cl,,20,,n/a,,n/a,,1,,The user counters the target by mimicking the target's last move.
120,,Self-Destruct,,Normal,,P,,B,,5,,200,,100,,1,,The user attacks everything around it by causing an explosion. The user faints upon using this move.
121,,Egg Bomb,,Normal,,P,,Cu,,10,,100,,75,,1,,A large egg is hurled at the target with maximum force to inflict damage.
122,,Lick,,Ghost,,P,,Cu,,30,,30,,100,,1,,"The target is licked with a long tongue, causing damage. This may also leave the target with paralysis."
123,,Smog,,Poison,,Sp,,T,,20,,30,,70,,1,,The target is attacked with a discharge of filthy gases. This may also poison the target.
124,,Sludge,,Poison,,Sp,,T,,20,,65,,100,,1,,Unsanitary sludge is hurled at the target. This may also poison the target.
125,,Bone Club,,Ground,,P,,T,,20,,65,,85,,1,,The user clubs the target with a bone. This may also make the target flinch.
126,,Fire Blast,,Fire,,Sp,,B,,5,,110,,85,,1,,The target is attacked with an intense blast of all-consuming fire. This may also leave the target with a burn.
127,,Waterfall,,Water,,P,,T,,15,,80,,100,,1,,The user charges at the target and may make it flinch. This can also be used to climb a waterfall.
128,,Clamp,,Water,,P,,T,,10,,35,,85,,1,,The target is clamped and squeezed by the user's very thick and sturdy shell for four to five turns.
129,,Swift,,Normal,,Sp,,C,,20,,60,,n/a,,1,,Star-shaped rays are shot at the opposing Pok{E[ACUTE]}mon. This attack never misses.
130,,Skull Bash,,Normal,,P,,T,,10,,130,,100,,1,,"The user tucks in its head to raise its Defense in the first turn, then rams the target on the next turn."
131,,Spike Cannon,,Normal,,P,,C,,15,,20,,100,,1,,Sharp spikes are shot at the target in rapid succession. They hit two to five times in a row.
132,,Constrict,,Normal,,P,,T,,35,,10,,100,,1,,"The target is attacked with long, creeping tentacles or vines. This may also lower the target's Speed stat."
133,,Amnesia,,Psychic,,St,,Cu,,20,,n/a,,n/a,,1,,The user temporarily empties its mind to forget its concerns. This sharply raises the user's Sp. Def stat.
134,,Kinesis,,Psychic,,St,,Cl,,15,,n/a,,80,,1,,The user distracts the target by bending a spoon. This lowers the target's accuracy.
135,,Soft-Boiled,,Normal,,St,,Cu,,10,,n/a,,n/a,,1,,The user restores its own HP by up to half of its max HP. May also be used in the field to heal HP.
136,,High Jump Kick,,Fighting,,P,,C,,10,,130,,90,,1,,"The target is attacked with a knee kick from a jump. If it misses, the user is hurt instead."
137,,Glare,,Normal,,St,,T,,30,,n/a,,100,,1,,The user intimidates the target with the pattern on its belly to cause paralysis.
138,,Dream Eater,,Psychic,,Sp,,Cl,,15,,100,,100,,1,,The user eats the dreams of a sleeping target. It absorbs half the damage caused to heal its own HP.
139,,Poison Gas,,Poison,,St,,Cl,,40,,n/a,,90,,1,,A cloud of poison gas is sprayed in the face of opposing Pok{E[ACUTE]}mon. This may also poison those hit.
140,,Barrage,,Normal,,P,,Cu,,20,,15,,85,,1,,Round objects are hurled at the target to strike two to five times in a row.
141,,Leech Life,,Bug,,P,,Cl,,15,,20,,100,,1,,The user drains the target's blood. The user's HP is restored by half the damage taken by the target.
142,,Lovely Kiss,,Normal,,St,,B,,10,,n/a,,75,,1,,"With a scary face, the user tries to force a kiss on the target. If it succeeds, the target falls asleep."
143,,Sky Attack,,Flying,,P,,C,,5,,140,,90,,1,,A second-turn attack move where critical hits land more easily. This may also make the target flinch.
144,,Transform,,Normal,,St,,Cl,,10,,n/a,,n/a,,1,,The user transforms into a copy of the target right down to having the same move set.
145,,Bubble,,Water,,Sp,,Cu,,30,,40,,100,,1,,A spray of countless bubbles is jetted at the opposing Pok{E[ACUTE]}mon. This may also lower their Speed stats.
146,,Dizzy Punch,,Normal,,P,,Cu,,10,,70,,100,,1,,The target is hit with rhythmically launched punches. This may also leave the target confused.
147,,Spore,,Grass,,St,,B,,15,,n/a,,100,,1,,The user scatters bursts of spores that induce sleep.
148,,Flash,,Normal,,St,,B,,20,,n/a,,100,,1,,The user flashes a bright light that cuts the target's accuracy. It can also be used to illuminate dark caves.
149,,Psywave,,Psychic,,Sp,,Cl,,15,,n/a,,100,,1,,The target is attacked with an odd psychic wave. The attack varies in intensity.
150,,Splash,,Normal,,St,,Cu,,40,,n/a,,n/a,,1,,The user just flops and splashes around to no effect at all...
151,,Acid Armor,,Poison,,St,,T,,20,,n/a,,n/a,,1,,"The user alters its cellular structure to liquefy itself, sharply raising its Defense stat."
152,,Crabhammer,,Water,,P,,T,,10,,100,,90,,1,,The target is hammered with a large pincer. Critical hits land more easily.
153,,Explosion,,Normal,,P,,B,,5,,250,,100,,1,,The user attacks everything around it by causing a tremendous explosion. The user faints upon using this move.
154,,Fury Swipes,,Normal,,P,,T,,15,,18,,80,,1,,The target is raked with sharp claws or scythes quickly two to five times in a row.
155,,Bonemerang,,Ground,,P,,T,,10,,50,,90,,1,,"The user throws the bone it holds. The bone loops to hit the target twice, coming and going."
156,,Rest,,Psychic,,St,,Cu,,10,,n/a,,n/a,,1,,The user goes to sleep for two turns. This fully restores the user's HP and heals any status conditions.
157,,Rock Slide,,Rock,,P,,T,,10,,75,,90,,1,,Large boulders are hurled at the opposing Pok{E[ACUTE]}mon to inflict damage. This may also make the opposing Pok{E[ACUTE]}mon flinch.
158,,Hyper Fang,,Normal,,P,,C,,15,,80,,90,,1,,The user bites hard on the target with its sharp front fangs. This may also make the target flinch.
159,,Sharpen,,Normal,,St,,Cu,,30,,n/a,,n/a,,1,,"The user lowers its polygon count to make itself more jagged, raising the Attack stat."
160,,Conversion,,Normal,,St,,B,,30,,n/a,,n/a,,1,,The user changes its type to become the same type as the move at the top of the list of moves it knows.
161,,Tri Attack,,Normal,,Sp,,B,,10,,80,,100,,1,,"The user strikes with a simultaneous three-beam attack. May also burn, freeze, or leave the target with paralysis."
162,,Super Fang,,Normal,,P,,T,,10,,n/a,,90,,1,,The user chomps hard on the target with its sharp front fangs. This cuts the target's HP in half.
163,,Slash,,Normal,,P,,C,,20,,70,,100,,1,,The target is attacked with a slash of claws or blades. Critical hits land more easily.
164,,Substitute,,Normal,,St,,Cu,,10,,n/a,,n/a,,1,,The user makes a copy of itself using some of its HP. The copy serves as the user's decoy.
165,,Struggle,,Normal,,P,,C,,1,,50,,100,,1,,An attack that is used in desperation only if the user has no PP. This also damages the user a little.
166,,Sketch,,Normal,,St,,Cl,,1,,n/a,,n/a,,2,,"It enables the user to permanently learn the move last used by the target. Once used, Sketch disappears."
167,,Triple Kick,,Fighting,,P,,C,,10,,10,,90,,2,,A consecutive three-kick attack that becomes more powerful with each successive hit.
168,,Thief,,Dark,,P,,T,,25,,60,,100,,2,,The user attacks and steals the target's held item simultaneously. The user can't steal anything if it already holds an item.
169,,Spider Web,,Bug,,St,,Cl,,10,,n/a,,100,,2,,"The user ensnares the target with thin, gooey silk so it can't flee from battle."
170,,Mind Reader,,Normal,,St,,Cl,,5,,n/a,,100,,2,,The user senses the target's movements with its mind to ensure its next attack does not miss the target.
171,,Nightmare,,Ghost,,St,,Cl,,15,,n/a,,100,,2,,A sleeping target sees a nightmare that inflicts some damage every turn.
172,,Flame Wheel,,Fire,,P,,B,,25,,60,,100,,2,,The user cloaks itself in fire and charges at the target. This may also leave the target with a burn.
173,,Snore,,Normal,,Sp,,Cu,,15,,50,,100,,2,,An attack that can be used only if the user is asleep. The harsh noise may also make the target flinch.
174,,Curse,,Ghost,,St,,T,,10,,n/a,,n/a,,2,,A move that works differently for the Ghost type than for all other types.
175,,Flail,,Normal,,P,,Cu,,15,,n/a,,100,,2,,"The user flails about aimlessly to attack. The less HP the user has, the greater the move's power."
176,,Conversion 2,,Normal,,St,,B,,30,,n/a,,100,,2,,The user changes its type to make itself resistant to the type of the attack the opponent used last.
177,,Aeroblast,,Flying,,Sp,,C,,5,,100,,95,,2,,A vortex of air is shot at the target to inflict damage. Critical hits land more easily.
178,,Cotton Spore,,Grass,,St,,B,,40,,n/a,,100,,2,,"The user releases cotton-like spores that cling to the opposing Pok{E[ACUTE]}mon, which harshly lowers their Speed stats."
179,,Reversal,,Fighting,,P,,C,,15,,n/a,,100,,2,,An all-out attack that becomes more powerful the less HP the user has.
180,,Spite,,Ghost,,St,,T,,10,,n/a,,100,,2,,The user unleashes its grudge on the move last used by the target by cutting 4 PP from it.
181,,Powder Snow,,Ice,,Sp,,B,,25,,40,,100,,2,,The user attacks with a chilling gust of powdery snow. This may also freeze the opposing Pokemon.
182,,Protect,,Normal,,St,,Cu,,10,,n/a,,n/a,,2,,Enables the user to evade all attacks. Its chance of failing rises if it is used in succession.
183,,Mach Punch,,Fighting,,P,,C,,30,,40,,100,,2,,The user throws a punch at blinding speed. This move always goes first.
184,,Scary Face,,Normal,,St,,T,,10,,n/a,,100,,2,,The user frightens the target with a scary face to harshly lower its Speed stat.
185,,Feint Attack,,Dark,,P,,C,,20,,60,,n/a,,2,,"The user approaches the target disarmingly, then throws a sucker punch. This attack never misses."
186,,Sweet Kiss,,Fairy,,St,,Cu,,10,,n/a,,75,,2,,"The user kisses the target with a sweet, angelic cuteness that causes confusion."
187,,Belly Drum,,Normal,,St,,Cu,,10,,n/a,,n/a,,2,,The user maximizes its Attack stat in exchange for HP equal to half its max HP.
188,,Sludge Bomb,,Poison,,Sp,,T,,10,,90,,100,,2,,Unsanitary sludge is hurled at the target. This may also poison the target.
189,,Mud-Slap,,Ground,,Sp,,Cu,,10,,20,,100,,2,,The user hurls mud in the target's face to inflict damage and lower its accuracy.
190,,Octazooka,,Water,,Sp,,T,,10,,65,,85,,2,,The user attacks by spraying ink at the target's face or eyes. This may also lower the target's accuracy.
191,,Spikes,,Ground,,St,,Cl,,20,,n/a,,n/a,,2,,The user lays a trap of spikes at the opposing team's feet. The trap hurts Pok{E[ACUTE]}mon that switch into battle.
192,,Zap Cannon,,Electric,,Sp,,C,,5,,120,,50,,2,,The user fires an electric blast like a cannon to inflict damage and cause paralysis.
193,,Foresight,,Normal,,St,,Cl,,40,,n/a,,100,,2,,Enables a Ghost-type target to be hit by Normal- and Fighting-type attacks. This also enables an evasive target to be hit.
194,,Destiny Bond,,Ghost,,St,,Cl,,5,,n/a,,n/a,,2,,"When this move is used, if the user faints, the Pok{E[ACUTE]}mon that landed the knockout hit also faints."
195,,Perish Song,,Normal,,St,,B,,5,,n/a,,n/a,,2,,"Any Pok{E[ACUTE]}mon that hears this song faints in three turns, unless it switches out of battle."
196,,Icy Wind,,Ice,,Sp,,B,,15,,55,,95,,2,,The user attacks with a gust of chilled air. This also lowers the opposing Pok{E[ACUTE]}mon's Speed stats.
197,,Detect,,Fighting,,St,,C,,5,,n/a,,n/a,,2,,Enables the user to evade all attacks. Its chance of failing rises if it is used in succession.
198,,Bone Rush,,Ground,,P,,T,,10,,25,,90,,2,,The user strikes the target with a hard bone two to five times in a row.
199,,Lock-On,,Normal,,St,,Cl,,5,,n/a,,100,,2,,The user takes sure aim at the target. This ensures the next attack does not miss the target.
200,,Outrage,,Dragon,,P,,C,,10,,120,,100,,2,,"The user rampages and attacks for two to three turns. It then becomes confused, however."
201,,Sandstorm,,Rock,,St,,T,,10,,n/a,,n/a,,2,,"A five-turn sandstorm is summoned to hurt all combatants except the Rock, Ground, and Steel types."
202,,Giga Drain,,Grass,,Sp,,Cl,,10,,75,,100,,2,,A nutrient-draining attack. The user's HP is restored by half the damage taken by the target.
203,,Endure,,Normal,,St,,T,,10,,n/a,,n/a,,2,,The user endures any attack with at least 1 HP. Its chance of failing rises if it is used in succession.
204,,Charm,,Fairy,,St,,Cu,,20,,n/a,,100,,2,,"The user gazes at the target rather charmingly, making it less wary. This harshly lowers its Attack stat."
205,,Rollout,,Rock,,P,,Cu,,20,,30,,90,,2,,The user continually rolls into the target over five turns. It becomes more powerful each time it hits.
206,,False Swipe,,Normal,,P,,C,,40,,40,,100,,2,,A restrained attack that prevents the target from fainting. The target is left with at least 1 HP.
207,,Swagger,,Normal,,St,,Cu,,15,,n/a,,90,,2,,"The user enrages and confuses the target. However, this also sharply raises the target's Attack stat."
208,,Milk Drink,,Normal,,St,,Cu,,10,,n/a,,n/a,,2,,The user restores its own HP by up to half of its max HP. May also be used in the field to heal HP.
209,,Spark,,Electric,,P,,C,,20,,65,,100,,2,,The user throws an electrically charged tackle at the target. This may also leave the target with paralysis.
210,,Fury Cutter,,Bug,,P,,C,,20,,40,,95,,2,,The target is slashed with scythes or claws. This attack becomes more powerful if it hits in succession.
211,,Steel Wing,,Steel,,P,,C,,25,,70,,90,,2,,The target is hit with wings of steel. This may also raise the user's Defense stat.
212,,Mean Look,,Normal,,St,,B,,5,,n/a,,100,,2,,"The user pins the target with a dark, arresting look. The target becomes unable to flee."
213,,Attract,,Normal,,St,,Cu,,15,,n/a,,100,,2,,"If it is the opposite gender of the user, the target becomes infatuated and less likely to attack."
214,,Sleep Talk,,Normal,,St,,Cu,,10,,n/a,,n/a,,2,,"While it is asleep, the user randomly uses one of the moves it knows."
215,,Heal Bell,,Normal,,St,,B,,5,,n/a,,n/a,,2,,The user makes a soothing bell chime to heal the status conditions of all the party Pok{E[ACUTE]}mon.
216,,Return,,Normal,,P,,Cu,,20,,n/a,,100,,2,,A full-power attack that grows more powerful the more the user likes its Trainer.
217,,Present,,Normal,,P,,Cu,,15,,n/a,,90,,2,,"The user attacks by giving the target a gift with a hidden trap. It restores HP sometimes, however."
218,,Frustration,,Normal,,P,,Cu,,20,,n/a,,100,,2,,A full-power attack that grows more powerful the less the user likes its Trainer.
219,,Safeguard,,Normal,,St,,B,,25,,n/a,,n/a,,2,,The user creates a protective field that prevents status conditions for five turns.
220,,Pain Split,,Normal,,St,,Cl,,20,,n/a,,100,,2,,"The user adds its HP to the target's HP, then equally shares the combined HP with the target."
221,,Sacred Fire,,Fire,,P,,B,,5,,100,,95,,2,,The target is razed with a mystical fire of great intensity. This may also leave the target with a burn.
222,,Magnitude,,Ground,,P,,T,,30,,n/a,,100,,2,,The user attacks everything around it with a ground-shaking quake. Its power varies.
223,,Dynamic Punch,,Fighting,,P,,C,,5,,100,,50,,2,,"The user punches the target with full, concentrated power. This confuses the target if it hits."
224,,Megahorn,,Bug,,P,,C,,10,,120,,85,,2,,"Using its tough and impressive horn, the user rams into the target with no letup."
225,,Dragon Breath,,Dragon,,Sp,,C,,20,,60,,100,,2,,The user exhales a mighty gust that inflicts damage. This may also leave the target with paralysis.
226,,Baton Pass,,Normal,,St,,Cu,,40,,n/a,,n/a,,2,,The user switches places with a party Pok{E[ACUTE]}mon in waiting and passes along any stat changes.
227,,Encore,,Normal,,St,,Cu,,5,,n/a,,100,,2,,The user compels the target to keep using only the move it last used for three turns.
228,,Pursuit,,Dark,,P,,Cl,,20,,40,,100,,2,,An attack move that inflicts double damage if used on a target that is switching out of battle.
229,,Rapid Spin,,Normal,,P,,C,,40,,20,,100,,2,,"A spin attack that can also eliminate such moves as Bind, Wrap, Leech Seed, and Spikes"
230,,Sweet Scent,,Normal,,St,,Cu,,20,,n/a,,100,,2,,A sweet scent that harshly lowers opposing Pok{E[ACUTE]}mon's evasiveness. This also lures wild Pok{E[ACUTE]}mon if used in places such as tall grass.
231,,Iron Tail,,Steel,,P,,C,,15,,100,,75,,2,,The target is slammed with a steel-hard tail. This may also lower the target's Defense stat.
232,,Metal Claw,,Steel,,P,,C,,35,,50,,95,,2,,The target is raked with steel claws. This may also raise the user's Attack stat.
233,,Vital Throw,,Fighting,,P,,C,,10,,70,,n/a,,2,,"The user attacks last. In return, this throw move never misses."
234,,Morning Sun,,Normal,,St,,B,,5,,n/a,,n/a,,2,,The user restores its own HP. The amount of HP regained varies with the weather.
235,,Synthesis,,Grass,,St,,Cl,,5,,n/a,,n/a,,2,,The user restores its own HP. The amount of HP regained varies with the weather.
236,,Moonlight,,Fairy,,St,,B,,5,,n/a,,n/a,,2,,The user restores its own HP. The amount of HP regained varies with the weather.
237,,Hidden Power,,Normal,,Sp,,Cl,,15,,60,,100,,2,,A unique attack that varies in type depending on the Pok{E[ACUTE]}mon using it.
238,,Cross Chop,,Fighting,,P,,C,,5,,100,,80,,2,,The user delivers a double chop with its forearms crossed. Critical hits land more easily.
239,,Twister,,Dragon,,Sp,,C,,20,,40,,100,,2,,The user whips up a vicious tornado to tear at the opposing Pok{E[ACUTE]}mon. This may also make them flinch.
240,,Rain Dance,,Water,,St,,B,,5,,n/a,,n/a,,2,,"The user summons a heavy rain that falls for five turns, powering up Water-type moves."
241,,Sunny Day,,Fire,,St,,B,,5,,n/a,,n/a,,2,,"The user intensifies the sun for five turns, powering up Fire-type moves."
242,,Crunch,,Dark,,P,,T,,15,,80,,100,,2,,The user crunches up the target with sharp fangs. This may also lower the target's Defense stat.
243,,Mirror Coat,,Psychic,,Sp,,B,,20,,n/a,,100,,2,,"A retaliation move that counters any special attack, inflicting double the damage taken."
244,,Psych Up,,Normal,,St,,Cl,,10,,n/a,,n/a,,2,,The user hypnotizes itself into copying any stat change made by the target.
245,,Extreme Speed,,Normal,,P,,C,,5,,80,,100,,2,,The user charges the target at blinding speed. This move always goes first.
246,,Ancient Power,,Rock,,Sp,,T,,5,,60,,100,,2,,The user attacks with a prehistoric power. It may also raise all the user's stats at once.
247,,Shadow Ball,,Ghost,,Sp,,Cl,,15,,80,,100,,2,,The user hurls a shadowy blob at the target. This may also lower the target's Sp. Def stat.
248,,Future Sight,,Psychic,,Sp,,Cl,,10,,120,,100,,2,,"Two turns after this move is used, a hunk of psychic energy attacks the target."
249,,Rock Smash,,Fighting,,P,,T,,15,,40,,100,,2,,The user attacks with a punch. This may also lower the target's Defense stat. This move can also shatter rocks in the field.
250,,Whirlpool,,Water,,Sp,,B,,15,,35,,85,,2,,The user traps the target in a violent swirling whirlpool for four to five turns.
251,,Beat Up,,Dark,,P,,Cl,,10,,n/a,,100,,2,,"The user gets all party Pok{E[ACUTE]}mon to attack the target. The more party Pok{E[ACUTE]}mon, the greater the number of attacks."
252,,Fake Out,,Normal,,P,,Cu,,10,,40,,100,,3,,An attack that hits first and makes the target flinch. It only works the first turn the user is in battle.
253,,Uproar,,Normal,,Sp,,Cu,,10,,90,,100,,3,,"The user attacks in an uproar for three turns. During that time, no one can fall asleep."
254,,Stockpile,,Normal,,St,,T,,20,,n/a,,n/a,,3,,The user charges up power and raises both its Defense and Sp. Def. stats. The move can be used three times.
255,,Spit Up,,Normal,,Sp,,T,,10,,n/a,,100,,3,,"The power stored using the move Stockpile is released at once in an attack. The more power is stored, the greater the move's power."
256,,Swallow,,Normal,,St,,T,,10,,n/a,,n/a,,3,,The power stored using the move Stockpile is absorbed by the user to heal its HP. Storing more power heals more HP.
257,,Heat Wave,,Fire,,Sp,,B,,10,,95,,90,,3,,The user attacks by exhaling hot breath on the opposing Pok{E[ACUTE]}mon. This may also leave those Pok{E[ACUTE]}mon with a burn.
258,,Hail,,Ice,,St,,B,,10,,n/a,,n/a,,3,,The user summons a hailstorm lasting five turns. It damages all Pok{E[ACUTE]}mon except the Ice type.
259,,Torment,,Dark,,St,,T,,15,,n/a,,100,,3,,"The user torments and enrages the target, making it incapable of using the same move twice in a row."
260,,Flatter,,Dark,,St,,Cl,,15,,n/a,,100,,3,,"Flattery is used to confuse the target. However, this also raises the target's Sp. Atk stat."
261,,Will-O-Wisp,,Fire,,St,,B,,15,,n/a,,85,,3,,"The user shoots a sinister, bluish-white flame at the target to inflict a burn."
262,,Memento,,Dark,,St,,T,,10,,n/a,,100,,3,,"The user faints when using this move. In return, this harshly lowers the target's Attack and Sp. Atk stats."
263,,Facade,,Normal,,P,,Cu,,20,,70,,100,,3,,"An attack move that doubles its power if the user is poisoned, is burned, or has paralysis."
264,,Focus Punch,,Fighting,,P,,T,,20,,150,,100,,3,,The user focuses its mind before launching a punch. This move fails if the user is hit before it is used.
265,,Smelling Salts,,Normal,,P,,T,,10,,70,,100,,3,,"This attack inflicts double damage on a target with paralysis. This also cures the target's paralysis, however."
266,,Follow Me,,Normal,,St,,Cu,,20,,n/a,,100,,3,,"The user draws attention to itself, making all targets take aim only at the user."
267,,Nature Power,,Normal,,St,,B,,20,,n/a,,n/a,,3,,An attack that makes use of nature's power. Its effects vary depending on the user's environment.
268,,Charge,,Electric,,St,,Cl,,20,,n/a,,n/a,,3,,The user boosts the power of the Electric move it uses on the next turn. This also raises the user's Sp. Def stat.
269,,Taunt,,Dark,,St,,Cl,,20,,n/a,,100,,3,,The target is taunted into a rage that allows it to use only attack moves for three turns.
270,,Helping Hand,,Normal,,St,,Cl,,20,,n/a,,n/a,,3,,The user assists an ally by boosting the power of that ally's attack.
271,,Trick,,Psychic,,St,,Cl,,10,,n/a,,100,,3,,The user catches the target off guard and swaps its held item with its own.
272,,Role Play,,Psychic,,St,,Cu,,10,,n/a,,n/a,,3,,"The user mimics the target completely, copying the target's natural Ability."
273,,Wish,,Normal,,St,,Cu,,10,,n/a,,n/a,,3,,"One turn after this move is used, the target's HP is restored by half the user's max HP."
274,,Assist,,Normal,,St,,Cu,,20,,n/a,,n/a,,3,,The user hurriedly and randomly uses a move among those known by other Pok{E[ACUTE]}mon in the party.
275,,Ingrain,,Grass,,St,,Cl,,20,,n/a,,n/a,,3,,"The user lays roots that restore its HP on every turn. Because it is rooted, it can't switch out."
276,,Superpower,,Fighting,,P,,T,,5,,120,,100,,3,,"The user attacks the target with great power. However, this also lowers the user's Attack and Defense stats."
277,,Magic Coat,,Psychic,,St,,B,,15,,n/a,,n/a,,3,,A barrier reflects back to the target moves like Leech Seed and moves that damage status.
278,,Recycle,,Normal,,St,,Cl,,10,,n/a,,100,,3,,The user recycles a held item that has been used in battle so it can be used again.
279,,Revenge,,Fighting,,P,,T,,10,,60,,100,,3,,An attack move that inflicts double the damage if the user has been hurt by the opponent in the same turn.
280,,Brick Break,,Fighting,,P,,C,,15,,75,,100,,3,,"The user attacks with a swift chop. It can also break barriers, such as Light Screen and Reflect."
281,,Yawn,,Normal,,St,,Cu,,10,,n/a,,100,,3,,The user lets loose a huge yawn that lulls the target into falling asleep on the next turn.
282,,Knock Off,,Dark,,P,,Cl,,20,,65,,100,,3,,"The user slaps down the target's held item, and that item can't be used in that battle. The move does more damage if the target has a held item."
283,,Endeavor,,Normal,,P,,T,,5,,n/a,,100,,3,,An attack move that cuts down the target's HP to equal the user's HP.
284,,Eruption,,Fire,,Sp,,B,,5,,n/a,,100,,3,,"The user attacks opposing Pok{E[ACUTE]}mon with explosive fury. The lower the user's HP, the lower the move's power."
285,,Skill Swap,,Psychic,,St,,Cl,,10,,n/a,,100,,3,,The user employs its psychic power to exchange Abilities with the target.
286,,Imprison,,Psychic,,St,,Cl,,10,,n/a,,100,,3,,"If opposing Pok{E[ACUTE]}mon know any move also known by the user, they are prevented from using it."
287,,Refresh,,Normal,,St,,Cu,,20,,n/a,,100,,3,,"The user rests to cure itself of a poisoning, burn, or paralysis."
288,,Grudge,,Ghost,,St,,T,,5,,n/a,,100,,3,,"If the user faints, the user's grudge fully depletes the PP of the opponent's move that knocked it out."
289,,Snatch,,Dark,,St,,Cl,,10,,n/a,,100,,3,,The user steals the effects of any attempts to use a healing or stat-changing move.
290,,Secret Power,,Normal,,P,,Cl,,20,,70,,100,,3,,An attack whose additional effects depend on where it was used. Can also be used to make a Secret Base.
291,,Dive,,Water,,P,,B,,10,,80,,100,,3,,"Diving on the first turn, the user floats up and attacks on the next turn. It can be used to dive deep in the ocean."
292,,Arm Thrust,,Fighting,,P,,T,,20,,15,,100,,3,,The user lets loose a flurry of open-palmed arm thrusts that hit two to five times in a row.
293,,Camouflage,,Normal,,St,,Cl,,20,,n/a,,100,,3,,"The user's type is changed depending on its environment, such as at water's edge, in grass, or in a cave."
294,,Tail Glow,,Bug,,St,,B,,20,,n/a,,100,,3,,"The user stares at flashing lights to focus its mind, drastically raising its Sp. Atk stat."
295,,Luster Purge,,Psychic,,Sp,,Cl,,5,,70,,100,,3,,The user lets loose a damaging burst of light. This may also lower the target's Sp. Def stat.
296,,Mist Ball,,Psychic,,Sp,,Cl,,5,,70,,100,,3,,A mist-like flurry of down envelops and damages the target. This may also lower the target's Sp. Atk stat.
297,,Feather Dance,,Flying,,St,,B,,15,,n/a,,100,,3,,The user covers the target's body with a mass of down that harshly lowers its Attack stat.
298,,Teeter Dance,,Normal,,St,,Cu,,20,,n/a,,100,,3,,The user performs a wobbly dance that confuses the Pok{E[ACUTE]}mon around it.
299,,Blaze Kick,,Fire,,P,,C,,10,,85,,90,,3,,The user launches a kick that lands a critical hit more easily. This may also leave the target with a burn.
300,,Mud Sport,,Ground,,St,,Cu,,15,,n/a,,100,,3,,The user covers itself with mud. This weakens Electric-type moves for five turns.
301,,Ice Ball,,Ice,,P,,B,,20,,30,,90,,3,,The user continually rolls into the target over five turns. It becomes stronger each time it hits.
302,,Needle Arm,,Grass,,P,,Cl,,15,,60,,100,,3,,The user attacks by wildly swinging its thorny arms. This may also make the target flinch.
303,,Slack Off,,Normal,,St,,Cu,,10,,n/a,,100,,3,,"The user slacks off, restoring its own HP by up to half of its max HP."
304,,Hyper Voice,,Normal,,Sp,,C,,10,,90,,100,,3,,The user lets loose a horribly echoing shout with the power to inflict damage.
305,,Poison Fang,,Poison,,P,,Cl,,15,,50,,100,,3,,The user bites the target with toxic fangs. This may also leave the target badly poisoned.
306,,Crush Claw,,Normal,,P,,C,,10,,75,,95,,3,,The user slashes the target with hard and sharp claws. This may also lower the target's Defense.
307,,Blast Burn,,Fire,,Sp,,B,,5,,150,,90,,3,,The target is razed by a fiery explosion. The user can't move on the next turn.
308,,Hydro Cannon,,Water,,Sp,,B,,5,,150,,90,,3,,The target is hit by a watery blast. The user can't move on the next turn.
309,,Meteor Mash,,Steel,,P,,C,,10,,90,,90,,3,,The target is hit with a hard punch fired like a meteor. This may also raise the user's Attack stat.
310,,Astonish,,Ghost,,P,,Cu,,15,,30,,100,,3,,The user attacks the target while shouting in a startling fashion. This may also make the target flinch.
311,,Weather Ball,,Normal,,Sp,,B,,10,,50,,100,,3,,An attack move that varies in power and type depending on the weather.
312,,Aromatherapy,,Grass,,St,,Cl,,5,,n/a,,n/a,,3,,The user releases a soothing scent that heals all status conditions affecting the user's party.
313,,Fake Tears,,Dark,,St,,Cu,,20,,n/a,,100,,3,,"The user feigns crying to fluster the target, harshly lowering its Sp. Def stat."
314,,Air Cutter,,Flying,,Sp,,C,,25,,60,,95,,3,,The user launches razor-like wind to slash the opposing Pok{E[ACUTE]}mon. Critical hits land more easily.
315,,Overheat,,Fire,,Sp,,B,,5,,130,,90,,3,,The user attacks the target at full power. The attack's recoil harshly lowers the user's Sp. Atk stat.
316,,Odor Sleuth,,Normal,,St,,Cl,,40,,n/a,,100,,3,,Enables a Ghost-type target to be hit with Normal- and Fighting-type attacks. This also enables an evasive target to be hit.
317,,Rock Tomb,,Rock,,P,,Cl,,15,,60,,95,,3,,Boulders are hurled at the target. This also lowers the target's Speed stat by preventing its movement.
318,,Silver Wing,,Bug,,Sp,,B,,5,,60,,100,,3,,The target is attacked with powdery scales blown by wind. This may also raise all the user's stats.
319,,Metal Sound,,Steel,,St,,Cl,,40,,n/a,,85,,3,,A horrible sound like scraping metal harshly lowers the target's Sp. Def stat.
320,,Grass Whistle,,Grass,,St,,Cl,,15,,n/a,,55,,3,,The user plays a pleasant melody that lulls the target into a deep sleep.
321,,Tickle,,Normal,,St,,Cu,,20,,n/a,,100,,3,,"The user tickles the target into laughing, reducing its Attack and Defense stats."
322,,Cosmic Power,,Psychic,,St,,B,,20,,n/a,,n/a,,3,,The user absorbs a mystical power from space to raise its Defense and Sp. Def stats.
323,,Water Spout,,Water,,Sp,,B,,5,,n/a,,100,,3,,"The user spouts water to damage opposing Pok{E[ACUTE]}mon. The lower the user's HP, the lower the move's power."
324,,Signal Beam,,Bug,,Sp,,B,,15,,75,,100,,3,,The user attacks with a sinister beam of light. This may also confuse the target.
325,,Shadow Punch,,Ghost,,P,,Cl,,20,,60,,n/a,,3,,The user throws a punch from the shadows. This attack never misses.
326,,Extrasensory,,Psychic,,Sp,,C,,20,,80,,100,,3,,"The user attacks with an odd, unseeable power. This may also make the target flinch."
327,,Sky Uppercut,,Fighting,,P,,C,,15,,85,,90,,3,,The user attacks the target with an uppercut thrown skyward with force.
328,,Sand Tomb,,Ground,,P,,Cl,,15,,35,,85,,3,,The user traps the target inside a harshly raging sandstorm for four to five turns.
329,,Sheer Cold,,Ice,,Sp,,B,,5,,n/a,,n/a,,3,,The target is attacked with a blast of absolute-zero cold. The target faints instantly if this attack hits.
330,,Muddy Water,,Water,,Sp,,T,,10,,90,,85,,3,,The user attacks by shooting muddy water at the opposing Pokemon. This may also lower their accuracy.
331,,Bullet Seed,,Grass,,P,,C,,30,,25,,100,,3,,The user forcefully shoots seeds at the target two to five times in a row.
332,,Aerial Ace,,Flying,,P,,C,,20,,60,,n/a,,3,,"The user confounds the target with speed, then slashes. This attack never misses."
333,,Icicle Spear,,Ice,,P,,B,,30,,25,,100,,3,,The user launches sharp icicles at the target two to five times in a row.
334,,Iron Defense,,Steel,,St,,T,,15,,n/a,,n/a,,3,,"The user hardens its body's surface like iron, sharply raising its Defense stat."
335,,Block,,Normal,,St,,Cu,,5,,n/a,,100,,3,,The user blocks the target's way with arms spread wide to prevent escape.
336,,Howl,,Normal,,St,,C,,40,,n/a,,n/a,,3,,"The user howls loudly to raise its spirit, which raises its Attack stat."
337,,Dragon Claw,,Dragon,,P,,C,,15,,80,,100,,3,,"The user slashes the target with huge, sharp claws."
338,,Frenzy Plant,,Grass,,Sp,,C,,5,,150,,90,,3,,The user slams the target with an enormous tree. The user can't move on the next turn.
339,,Bulk Up,,Fighting,,St,,C,,20,,n/a,,n/a,,3,,"The user tenses its muscles to bulk up its body, raising both its Attack and Defense stats."
340,,Bounce,,Flying,,P,,Cu,,5,,85,,85,,3,,"The user bounces up high, then drops on the target on the second turn. This may also leave the target with paralysis."
341,,Mud Shot,,Ground,,Sp,,T,,15,,55,,95,,3,,The user attacks by hurling a blob of mud at the target. This also lowers the target's Speed stat.
342,,Poison Tail,,Poison,,P,,Cl,,25,,50,,100,,3,,The user hits the target with its tail. This may also poison the target. Critical hits land more easily.
343,,Covet,,Normal,,P,,Cu,,25,,60,,100,,3,,"The user endearingly approaches the target, then steals the target's held item."
344,,Volt Tackle,,Electric,,P,,C,,15,,120,,100,,3,,"The user electrifies itself, then charges. This also damages the user quite a lot. This may leave the target with paralysis."
345,,Magical Leaf,,Grass,,Sp,,B,,20,,60,,n/a,,3,,The user scatters curious leaves that chase the target. This attack never misses.
346,,Water Sport,,Water,,St,,Cu,,15,,n/a,,100,,3,,The user soaks itself with water. This weakens Fire-type moves for five turns.
347,,Calm Mind,,Psychic,,St,,Cl,,20,,n/a,,n/a,,3,,The user quietly focuses its mind and calms its spirit to raise its Sp. Atk and Sp. Def stats.
348,,Leaf Blade,,Grass,,P,,C,,15,,90,,100,,3,,The user handles a sharp leaf like a sword and attacks by cutting its target. Critical hits land more easily.
349,,Dragon Dance,,Dragon,,St,,C,,20,,n/a,,n/a,,3,,"The user vigorously performs a mystic, powerful dance that boosts its Attack and Speed stats."
350,,Rock Blast,,Rock,,P,,T,,10,,25,,90,,3,,The user hurls hard rocks at the target. Two to five rocks are launched in a row.
351,,Shock Wave,,Electric,,Sp,,C,,20,,60,,n/a,,3,,The user strikes the target with a quick jolt of electricity. This attack never misses.
352,,Water Pulse,,Water,,Sp,,B,,20,,60,,100,,3,,The user attacks the target with a pulsing blast of water. This may also confuse the target.
353,,Doom Desire,,Steel,,Sp,,B,,5,,140,,100,,3,,"Two turns after this move is used, the user blasts the target with a concentrated bundle of light."
354,,Psycho Boost,,Psychic,,Sp,,Cl,,5,,140,,90,,3,,The user attacks the target at full power. The attack's recoil harshly lowers the user's Sp. Atk stat.
355,,Roost,,Flying,,St,,Cl,,10,,n/a,,n/a,,4,,The user lands and rests its body. It restores the user's HP by up to half of its max HP.
356,,Gravity,,Psychic,,St,,Cl,,5,,n/a,,n/a,,4,,"Gravity is intensified for five turns, making moves involving flying unusable and negating Levitate."
357,,Miracle Eye,,Psychic,,St,,Cl,,40,,n/a,,n/a,,4,,Enables a Dark-type target to be hit by Psychic-type attacks. This also enables an evasive target to be hit.
358,,Wake-Up Slap,,Fighting,,P,,T,,10,,70,,100,,4,,"This attack inflicts big damage on a sleeping target. This also wakes the target up, however."
359,,Hammer Arm,,Fighting,,P,,T,,10,,100,,90,,4,,"The user swings and hits with its strong and heavy fist. It lowers the user's Speed, however."
360,,Gyro Ball,,Steel,,P,,C,,5,,n/a,,100,,4,,"The user tackles the target with a high-speed spin. The slower the user compared to the target, the greater the move's power."
361,,Healing Wish,,Psychic,,St,,B,,10,,n/a,,n/a,,4,,"The user faints. In return, the Pokemon taking its place will have its HP restored and status conditions cured."
362,,Brine,,Water,,Sp,,T,,10,,65,,100,,4,,"If the target's HP is half or less, this attack will hit with double the power."
363,,Natural Gift,,Normal,,P,,Cl,,15,,n/a,,100,,4,,The user draws power to attack by using its held Berry. The Berry determines the move's type and power.
364,,Feint,,Normal,,P,,Cl,,10,,30,,100,,4,,An attack that hits a target using Protect or Detect. This also lifts the effects of those moves.
365,,Pluck,,Flying,,P,,Cu,,20,,60,,100,,4,,"The user pecks the target. If the target is holding a Berry, the user eats it and gains its effect."
366,,Tailwind,,Flying,,St,,C,,15,,n/a,,n/a,,4,,The user whips up a turbulent whirlwind that ups the Speed stat of the user and its allies for four turns.
367,,Acupressure,,Normal,,St,,T,,30,,n/a,,n/a,,4,,"The user applies pressure to stress points, sharply boosting one of its or its allies' stats."
368,,Metal Burst,,Steel,,P,,C,,10,,n/a,,100,,4,,The user retaliates with much greater power against the opponent that last inflicted damage on it.
369,,U-turn,,Bug,,P,,Cu,,20,,70,,100,,4,,"After making its attack, the user rushes back to switch places with a party Pok{E[ACUTE]}mon in waiting."
370,,Close Combat,,Fighting,,P,,T,,5,,120,,100,,4,,The user fights the target up close without guarding itself. This also lowers the user's Defense and Sp. Def stats.
371,,Payback,,Dark,,P,,T,,10,,50,,100,,4,,"The user stores power, then attacks. If the user moves after the target, this attack's power will be doubled."
372,,Assurance,,Dark,,P,,Cl,,10,,60,,100,,4,,"If the target has already taken some damage in the same turn, this attack's power is doubled."
373,,Embargo,,Dark,,St,,Cl,,15,,n/a,,100,,4,,This move prevents the target from using its held item. Its Trainer is also prevented from using items on it.
374,,Fling,,Dark,,P,,Cu,,10,,n/a,,100,,4,,The user flings its held item at the target to attack. This move's power and effects depend on the item.
375,,Psycho Shift,,Psychic,,St,,Cl,,10,,n/a,,100,,4,,"Using its psychic power of suggestion, the user transfers its status conditions to the target."
376,,Trump Card,,Normal,,Sp,,C,,5,,n/a,,n/a,,4,,"The fewer PP this move has, the greater its power."
377,,Heal Block,,Psychic,,St,,Cl,,15,,n/a,,100,,4,,"For five turns, the user prevents the opposing team from using any moves, Abilities, or held items that recover HP."
378,,Wring Out,,Normal,,Sp,,T,,5,,n/a,,100,,4,,"The user powerfully wrings the target. The more HP the target has, the greater the move's power."
379,,Power Trick,,Psychic,,St,,Cl,,10,,n/a,,n/a,,4,,The user employs its psychic power to switch its Attack with its Defense stat.
380,,Gastro Acid,,Poison,,St,,T,,10,,n/a,,100,,4,,The user hurls up its stomach acids on the target. The fluid eliminates the effect of the target's Ability.
381,,Lucky Chant,,Normal,,St,,Cu,,30,,n/a,,n/a,,4,,"The user chants an incantation toward the sky, preventing opposing Pok{E[ACUTE]}mon from landing critical hits."
382,,Me First,,Normal,,St,,Cl,,20,,n/a,,n/a,,4,,The user cuts ahead of the target to steal and use the target's intended move with greater power. This move fails if it isn't used first.
383,,Copycat,,Normal,,St,,Cu,,20,,n/a,,n/a,,4,,The user mimics the move used immediately before it. The move fails if no other move has been used yet.
384,,Power Swap,,Psychic,,St,,Cl,,10,,n/a,,n/a,,4,,The user employs its psychic power to switch changes to its Attack and Sp. Atk stats with the target.
385,,Guard Swap,,Psychic,,St,,Cl,,10,,n/a,,n/a,,4,,The user employs its psychic power to switch changes to its Defense and Sp. Def stats with the target.
386,,Punishment,,Dark,,P,,C,,5,,n/a,,100,,4,,"The more the target has powered up with stat changes, the greater the move's power."
387,,Last Resort,,Normal,,P,,Cu,,5,,140,,100,,4,,This move can be used only after the user has used all the other moves it knows in the battle.
388,,Worry Seed,,Grass,,St,,Cl,,10,,n/a,,100,,4,,A seed that causes worry is planted on the target. It prevents sleep by making the target's Ability Insomnia.
389,,Sucker Punch,,Dark,,P,,Cl,,5,,80,,100,,4,,This move enables the user to attack first. This move fails if the target is not readying an attack.
390,,Toxic Spikes,,Poison,,St,,Cl,,20,,n/a,,n/a,,4,,The user lays a trap of poison spikes at the opposing team's feet. They poison opposing Pokemon that switch into battle.
391,,Heart Swap,,Psychic,,St,,Cl,,10,,n/a,,n/a,,4,,The user employs its psychic power to switch stat changes with the target.
392,,Aqua Ring,,Water,,St,,B,,20,,n/a,,n/a,,4,,The user envelops itself in a veil made of water. It regains some HP every turn.
393,,Magnet Rise,,Electric,,St,,Cl,,10,,n/a,,n/a,,4,,The user levitates using electrically generated magnetism for five turns.
394,,Flare Blitz,,Fire,,P,,C,,15,,120,,100,,4,,The user cloaks itself in fire and charges the target. This also damages the user quite a lot. This may leave the target with a burn.
395,,Force Palm,,Fighting,,P,,C,,10,,60,,100,,4,,The target is attacked with a shock wave. This may also leave the target with paralysis.
396,,Aura Sphere,,Fighting,,Sp,,B,,20,,80,,n/a,,4,,The user lets loose a blast of aura power from deep within its body at the target. This attack never misses.
397,,Rock Polish,,Rock,,St,,T,,20,,n/a,,n/a,,4,,The user polishes its body to reduce drag. This can sharply raise the Speed stat.
398,,Poison Jab,,Poison,,P,,T,,20,,80,,100,,4,,The target is stabbed with a tentacle or arm steeped in poison. This may also poison the target.
399,,Dark Pulse,,Dark,,Sp,,C,,15,,80,,100,,4,,The user releases a horrible aura imbued with dark thoughts. This may also make the target flinch.
400,,Night Slash,,Dark,,P,,C,,15,,700,,100,,4,,The user slashes the target the instant an opportunity arises. Critical hits land more easily.
401,,Aqua Tail,,Water,,P,,B,,10,,90,,90,,4,,The user attacks by swinging its tail as if it were a vicious wave in a raging storm.
402,,Seed Bomb,,Grass,,P,,T,,15,,80,,100,,4,,The user slams a barrage of hard-shelled seeds on the target from above.
403,,Air Slash,,Flying,,Sp,,C,,15,,75,,95,,4,,The user attacks with a blade of air that slices even the sky. This may also make the target flinch.
404,,X-Scissor,,Bug,,P,,C,,15,,80,,100,,4,,The user slashes at the target by crossing its scythes or claws as if they were a pair of scissors.
405,,Bug Buzz,,Bug,,Sp,,B,,10,,90,,100,,4,,The user vibrates its wings to generate a damaging sound wave. This may also lower the target's Sp. Def stat.
406,,Dragon Pulse,,Dragon,,Sp,,B,,10,,85,,100,,4,,The target is attacked with a shock wave generated by the user's gaping mouth.
407,,Dragon Rush,,Dragon,,P,,T,,10,,100,,75,,4,,The user tackles the target while exhibiting overwhelming menace. This may also make the target flinch.
408,,Power Gem,,Rock,,Sp,,B,,20,,80,,100,,4,,The user attacks with a ray of light that sparkles as if it were made of gemstones.
409,,Drain Punch,,Fighting,,P,,T,,10,,75,,100,,4,,An energy-draining punch. The user's HP is restored by half the damage taken by the target.
410,,Vacuum Wave,,Fighting,,Sp,,C,,30,,40,,100,,4,,The user whirls its fists to send a wave of pure vacuum at the target. This move always goes first.
411,,Focus Blast,,Fighting,,Sp,,C,,5,,120,,70,,4,,The user heightens its mental focus and unleashes its power. This may also lower the target's Sp. Def.
412,,Energy Ball,,Grass,,Sp,,B,,10,,90,,100,,4,,The user draws power from nature and fires it at the target. This may also lower the target's Sp. Def.
413,,Brave Bird,,Flying,,P,,C,,15,,120,,100,,4,,The user tucks in its wings and charges from a low altitude. This also damages the user quite a lot.
414,,Earth Power,,Ground,,Sp,,B,,10,,90,,100,,4,,The user makes the ground under the target erupt with power. This may also lower the target's Sp. Def.
415,,Switcheroo,,Dark,,St,,Cl,,10,,n/a,,100,,4,,The user trades held items with the target faster than the eye can follow.
416,,Giga Impact,,Normal,,P,,T,,5,,150,,90,,4,,The user charges at the target using every bit of its power. The user can't move on the next turn.
417,,Nasty Plot,,Dark,,St,,Cl,,20,,n/a,,n/a,,4,,The user stimulates its brain by thinking bad thoughts. This sharply raises the user's Sp. Atk.
418,,Bullet Punch,,Steel,,P,,T,,30,,40,,100,,4,,The user strikes the target with tough punches as fast as bullets. This move always goes first.
419,,Avalanche,,Ice,,P,,B,,10,,60,,100,,4,,An attack move that inflicts double the damage if the user has been hurt by the target in the same turn.
420,,Ice Shard,,Ice,,P,,B,,30,,40,,100,,4,,The user flash-freezes chunks of ice and hurls them at the target. This move always goes first.
421,,Shadow Claw,,Ghost,,P,,C,,15,,70,,100,,4,,The user slashes with a sharp claw made from shadows. Critical hits land more easily.
422,,Thunder Fang,,Electric,,P,,C,,15,,65,,95,,4,,The user bites with electrified fangs. This may also make the target flinch or leave it with paralysis.
423,,Ice Fang,,Ice,,P,,C,,15,,65,,95,,4,,The user bites with cold-infused fangs. This may also make the target flinch or leave it frozen.
424,,Fire Fang,,Fire,,P,,C,,15,,65,,95,,4,,The user bites with flame-cloaked fangs. This may also make the target flinch or leave it with a burn.
425,,Shadow Sneak,,Ghost,,P,,Cl,,30,,40,,100,,4,,The user extends its shadow and attacks the target from behind. This move always goes first.
426,,Mud Bomb,,Ground,,Sp,,Cu,,10,,65,,85,,4,,The user launches a hard-packed mud ball to attack. This may also lower the target's accuracy.
427,,Psycho Cut,,Psychic,,P,,C,,20,,70,,100,,4,,The user tears at the target with blades formed by psychic power. Critical hits land more easily.
428,,Zen Headbutt,,Psychic,,P,,Cl,,15,,80,,90,,4,,The user focuses its willpower to its head and attacks the target. This may also make the target flinch.
429,,Mirror Shot,,Steel,,Sp,,B,,10,,65,,85,,4,,The user lets loose a flash of energy at the target from its polished body. This may also lower the target's accuracy.
430,,Flash Cannon,,Steel,,Sp,,B,,10,,80,,100,,4,,The user gathers all its light energy and releases it at once. This may also lower the target's Sp. Def stat.
431,,Rock Climb,,Normal,,P,,T,,20,,90,,85,,4,,The user attacks the target by smashing into it with incredible force. This may also confuse the target.
432,,Defog,,Flying,,St,,C,,15,,n/a,,n/a,,4,,A strong wind blows away the target's barriers such as Reflect or Light Screen. This also lowers the target's evasiveness.
433,,Trick Room,,Psychic,,St,,Cl,,5,,n/a,,n/a,,4,,The user creates a bizarre area in which slower Pok{E[ACUTE]}mon get to move first for five turns.
434,,Draco Meteor,,Dragon,,Sp,,B,,5,,130,,90,,4,,Comets are summoned down from the sky onto the target. The attack's recoil harshly lowers the user's Special Attack stat.
435,,Discharge,,Electric,,Sp,,B,,15,,80,,100,,4,,The user strikes everything around it by letting loose a flare of electricity. This may also cause paralysis.
436,,Lava Plume,,Fire,,Sp,,T,,15,,80,,100,,4,,The user torches everything around it with an inferno of scarlet flames. This may also leave those hit with a burn.
437,,Leaf Storm,,Grass,,Sp,,B,,5,,130,,90,,4,,The user whips up a storm of leaves around the target. The attack's recoil harshly lowers the user's Sp. Atk stat.
438,,Power Whip,,Grass,,P,,T,,10,,120,,85,,4,,The user violently whirls its vines or tentacles to harshly lash the target.
439,,Rock Wrecker,,Rock,,P,,T,,5,,150,,90,,4,,The user launches a huge boulder at the target to attack. The user can't move on the next turn.
440,,Cross Poison,,Poison,,P,,C,,20,,70,,100,,4,,A slashing attack with a poisonous blade that may also poison the target. Critical hits land more easily.
441,,Gunk Shot,,Poison,,P,,T,,5,,120,,80,,4,,The user shoots filthy garbage at the target to attack. This may also poison the target.
442,,Iron Head,,Steel,,P,,T,,15,,80,,100,,4,,The user slams the target with its steel-hard head. This may also make the target flinch.
443,,Magnet Bomb,,Steel,,P,,C,,20,,60,,n/a,,4,,The user launches steel bombs that stick to the target. This attack never misses.
444,,Stone Edge,,Rock,,P,,T,,5,,100,,80,,4,,The user stabs the target with sharpened stones from below. Critical hits land more easily.
445,,Captivate,,Normal,,St,,Cu,,20,,n/a,,100,,4,,"If any opposing Pokemon is the opposite gender of the user, it is charmed, which harshly lowers its Sp. Atk stat."
446,,Stealth Rock,,Rock,,St,,C,,20,,n/a,,100,,4,,The user lays a trap of levitating stones around the opposing team. The trap hurts opposing Pok{E[ACUTE]}mon that switch into battle.
447,,Grass Knot,,Grass,,Sp,,Cu,,20,,n/a,,100,,4,,"The user snares the target with grass and trips it. The heavier the target, the greater the move's power."
448,,Chatter,,Flying,,Sp,,Cu,,20,,65,,100,,4,,The user attacks the target with sound waves of deafening chatter. This confuses the target.
449,,Judgment,,Normal,,Sp,,B,,10,,100,,100,,4,,The user releases countless shots of light at the target. This move's type varies depending on the kind of Plate the user is holding.
450,,Bug Bite,,Bug,,P,,Cu,,20,,60,,100,,4,,"The user bites the target. If the target is holding a Berry, the user eats it and gains its effect."
451,,Charge Beam,,Electric,,Sp,,B,,10,,50,,90,,4,,The user attacks with an electric charge. The user may use any remaining electricity to raise its Sp. Atk stat.
452,,Wood Hammer,,Grass,,P,,T,,15,,120,,100,,4,,The user slams its rugged body into the target to attack. This also damages the user quite a lot.
453,,Aqua Jet,,Water,,P,,C,,20,,40,,100,,4,,The user lunges at the target at a speed that makes it almost invisible. This move always goes first.
454,,Attack Order,,Bug,,P,,Cl,,15,,90,,100,,4,,The user calls out its underlings to pummel the target. Critical hits land more easily.
455,,Defend Order,,Bug,,St,,Cl,,10,,n/a,,n/a,,4,,"The user calls out its underlings to shield its body, raising its Defense and Sp. Def stats."
456,,Heal Order,,Bug,,St,,Cl,,10,,n/a,,n/a,,4,,The user calls out its underlings to heal it. The user regains up to half of its max HP.
457,,Head Smash,,Rock,,P,,T,,5,,150,,80,,4,,"The user attacks the target with a hazardous, full-power headbutt. This also damages the user terribly."
458,,Double Hit,,Normal,,P,,C,,10,,35,,90,,4,,"The user slams the target with a long tail, vines, or a tentacle. The target is hit twice in a row."
459,,Roar of Time,,Dragon,,Sp,,B,,5,,150,,90,,4,,The user blasts the target with power that distorts even time. The user can't move on the next turn.
460,,Spacial Rend,,Dragon,,Sp,,B,,5,,100,,95,,4,,The user tears the target along with the space around it. Critical hits land more easily.
461,,Lunar Dance,,Psychic,,St,,B,,10,,n/a,,n/a,,4,,"The user faints. In return, the Pok{E[ACUTE]}mon taking its place will have its status and HP fully restored."
462,,Crush Grip,,Normal,,P,,T,,5,,n/a,,100,,4,,"The target is crushed with great force. The more HP the target has left, the greater this move's power."
463,,Magma Storm,,Fire,,Sp,,T,,5,,100,,75,,4,,The target becomes trapped within a maelstrom of fire that rages for four to five turns.
464,,Dark Void,,Dark,,St,,Cl,,10,,n/a,,80,,4,,Opposing Pok{E[ACUTE]}mon are dragged into a world of total darkness that makes them sleep.
465,,Seed Flare,,Grass,,Sp,,B,,5,,120,,85,,4,,The user emits a shock wave from its body to attack its target. This may harshly lower the target's Sp. Def.
466,,Ominous Wind,,Ghost,,Sp,,B,,5,,60,,100,,4,,The user blasts the target with a gust of repulsive wind. This may also raise all the user's stats at once.
467,,Shadow Force,,Ghost,,P,,C,,5,,120,,100,,4,,"The user disappears, then strikes the target on the next turn. This move hits even if the target protects itself."
468,,Hone Claws,,Dark,,St,,Cu,,15,,n/a,,n/a,,5,,The user sharpens its claws to boost its Attack stat and accuracy.
469,,Wide Guard,,Rock,,St,,T,,10,,n/a,,n/a,,5,,The user and its allies are protected from wide-ranging attacks for one turn.
470,,Guard Split,,Psychic,,St,,Cl,,10,,n/a,,n/a,,5,,The user employs its psychic powers to average its Defense and Sp. Def stats with those of the target.
471,,Power Split,,Psychic,,St,,Cl,,10,,n/a,,n/a,,5,,The user employs its psychic power to average its Attack and Sp. Atk stats with those of the target.
472,,Wonder Room,,Psychic,,St,,Cl,,10,,n/a,,n/a,,5,,The user creates a bizarre area in which Pok{E[ACUTE]}mon's Defense and Sp. Def stats are swapped for five turns.
473,,Psyshock,,Psychic,,Sp,,B,,10,,80,,100,,5,,The user materializes an odd psychic wave to attack the target. This attack does physical damage.
474,,Venoshock,,Poison,,Sp,,B,,10,,65,,100,,5,,The user drenches the target in a special poisonous liquid. This move's power is doubled if the target is poisoned.
475,,Autotomize,,Steel,,St,,B,,15,,n/a,,n/a,,5,,The user sheds part of its body to make itself lighter and sharply raise its Speed stat.
476,,Rage Powder,,Bug,,St,,Cl,,20,,n/a,,n/a,,5,,The user scatters a cloud of irritating powder to draw attention to itself. Opponents aim only at the user.
477,,Telekinesis,,Psychic,,St,,Cl,,15,,n/a,,n/a,,5,,The user makes the target float with its psychic power. The target is easier to hit for three turns.
478,,Magic Room,,Psychic,,St,,Cl,,10,,n/a,,n/a,,5,,The user creates a bizarre area in which Pok{E[ACUTE]}mon's held items lose their effects for five turns.
479,,Smack Down,,Rock,,P,,T,,15,,50,,100,,5,,The user throws a stone or similar projectile to attack an opponent. A flying Pok{E[ACUTE]}mon will fall to the ground when it's hit.
480,,Storm Throw,,Fighting,,P,,C,,10,,60,,100,,5,,The user strikes the target with a fierce blow. This attack always results in a critical hit.
481,,Flame Burst,,Fire,,Sp,,B,,15,,70,,100,,5,,The user attacks the target with a bursting flame. The bursting flame damages Pok{E[ACUTE]}mon next to the target as well.
482,,Sludge Wave,,Poison,,Sp,,T,,10,,95,,100,,5,,The user strikes everything around it by swamping the area with a giant sludge wave. This may also poison those hit.
483,,Quiver Dance,,Bug,,St,,B,,20,,n/a,,n/a,,5,,"The user lightly performs a beautiful, mystic dance. This boosts the user's Sp. Atk, Sp. Def, and Speed stats."
484,,Heavy Slam,,Steel,,P,,T,,10,,n/a,,100,,5,,"The user slams into the target with its heavy body. The more the user outweighs the target, the greater the move's power."
485,,Synchronoise,,Psychic,,Sp,,Cl,,15,,120,,100,,5,,"Using an odd shock wave, the user inflicts damage on any Pok{E[ACUTE]}mon of the same type in the area around it."
486,,Electro Ball,,Electric,,Sp,,C,,10,,n/a,,100,,5,,"The user hurls an electric orb at the target. The faster the user is than the target, the greater the move's power."
487,,Soak,,Water,,St,,Cu,,20,,n/a,,100,,5,,The user shoots a torrent of water at the target and changes the target's type to Water.
488,,Flame Charge,,Fire,,P,,C,,20,,50,,100,,5,,"Cloaking itself in flame, the user attacks. Then, building up more power, the user raises its Speed stat."
489,,Coil,,Poison,,St,,T,,20,,n/a,,n/a,,5,,The user coils up and concentrates. This raises its Attack and Defense stats as well as its accuracy.
490,,Low Sweep,,Fighting,,P,,Cl,,20,,65,,100,,5,,"The user makes a swift attack on the target's legs, which lowers the target's Speed stat."
491,,Acid Spray,,Poison,,Sp,,B,,20,,40,,100,,5,,The user spits fluid that works to melt the target. This harshly lowers the target's Sp. Def stat.
492,,Foul Play,,Dark,,P,,Cl,,15,,95,,100,,5,,"The user turns the target's power against it. The higher the target's Attack stat, the greater the move's power."
493,,Simple Beam,,Normal,,St,,Cu,,15,,n/a,,100,,5,,The user's mysterious psychic wave changes the target's Ability to Simple.
494,,Entrainment,,Normal,,St,,Cu,,15,,n/a,,100,,5,,"The user dances with an odd rhythm that compels the target to mimic it, making the target's Ability the same as the user's."
495,,After You,,Normal,,St,,Cu,,15,,n/a,,n/a,,5,,The user helps the target and makes it use its move right after the user.
496,,Round,,Normal,,Sp,,B,,15,,60,,100,,5,,The user attacks the target with a song. Others can join in the Round and make the attack do greater damage.
497,,Echoed Voice,,Normal,,Sp,,B,,15,,40,,100,,5,,"The user attacks the target with an echoing voice. If this move is used every turn, it does greater damage."
498,,Chip Away,,Normal,,P,,T,,20,,70,,100,,5,,"Looking for an opening, the user strikes consistently. The target's stat changes don't affect this attack's damage."
499,,Clear Smog,,Poison,,Sp,,B,,15,,50,,n/a,,5,,The user attacks by throwing a clump of special mud. All stat changes are returned to normal.
500,,Stored Power,,Psychic,,Sp,,Cl,,10,,20,,100,,5,,"The user attacks the target with stored power. The more the user's stats are raised, the greater the move's power."
501,,Quick Guard,,Fighting,,St,,C,,15,,n/a,,n/a,,5,,The user protects itself and its allies from priority moves.
502,,Ally Switch,,Psychic,,St,,Cl,,15,,n/a,,n/a,,5,,The user teleports using a strange power and switches places with one of its allies.
503,,Scald,,Water,,Sp,,T,,15,,80,,100,,5,,The user shoots boiling hot water at its target. This may also leave the target with a burn.
504,,Shell Smash,,Normal,,St,,T,,15,,n/a,,n/a,,5,,"The user breaks its shell, which lowers Defense and Sp. Def stats but sharply raises its Attack, Sp. Atk, and Speed stats."
505,,Heal Pulse,,Psychic,,St,,B,,10,,n/a,,n/a,,5,,The user emits a healing pulse which restores the target's HP by up to half of its max HP.
506,,Hex,,Ghost,,Sp,,Cl,,10,,65,,100,,5,,This relentless attack does massive damage to a target affected by status conditions.
507,,Sky Drop,,Flying,,P,,T,,10,,60,,100,,5,,"The user takes the target into the sky, then drops it during the next turn. The target cannot attack while in the sky."
508,,Shift Gear,,Steel,,St,,Cl,,10,,n/a,,n/a,,5,,"The user rotates its gears, raising its Attack and sharply raising its Speed."
509,,Circle Throw,,Fighting,,P,,C,,10,,60,,90,,5,,"The target is thrown, and a different Pok{E[ACUTE]}mon is dragged out. In the wild, this ends a battle against a single Pok{E[ACUTE]}mon."
510,,Incinerate,,Fire,,Sp,,T,,15,,60,,100,,5,,"The user attacks opposing Pok{E[ACUTE]}mon with fire. If a Pok{E[ACUTE]}mon is holding a certain item, such as a Berry, the item becomes burned up and unusable."
511,,Quash,,Dark,,St,,Cl,,15,,n/a,,100,,5,,The user suppresses the target and makes its move go last.
512,,Acrobatics,,Flying,,P,,C,,15,,55,,100,,5,,"The user nimbly strikes the target. If the user is not holding an item, this attack inflicts massive damage."
513,,Reflect Type,,Normal,,St,,Cl,,15,,n/a,,n/a,,5,,"The user reflects the target's type, making it the same type as the target."
514,,Retaliate,,Normal,,P,,C,,5,,70,,100,,5,,"The user gets revenge for a fainted ally. If an ally fainted in the previous turn, this move becomes more powerful."
515,,Final Gambit,,Fighting,,Sp,,T,,5,,n/a,,100,,5,,The user risks everything to attack its target. The user faints but does damage equal to its HP.
516,,Bestow,,Normal,,St,,Cu,,15,,n/a,,n/a,,5,,The user passes its held item to the target when the target isn't holding an item.
517,,Inferno,,Fire,,Sp,,B,,5,,100,,50,,5,,The user attacks by engulfing the target in an intense fire. This leaves the target with a burn.
518,,Water Pledge,,Water,,Sp,,B,,10,,80,,100,,5,,"A column of water strikes the target. When combined with its fire equivalent, the damage increases and a rainbow appears."
519,,Fire Pledge,,Fire,,Sp,,B,,10,,80,,100,,5,,"A column of fire hits opposing Pok{E[ACUTE]}mon. When used with its grass equivalent, its damage increases and a vast sea of fire appears."
520,,Grass Pledge,,Grass,,Sp,,B,,10,,80,,100,,5,,"A column of grass hits the target. When used with its water equivalent, its damage increases and a vast swamp appears."
521,,Volt Switch,,Electric,,Sp,,C,,20,,70,,100,,5,,"After making its attack, the user rushes back to switch places with a party Pok{E[ACUTE]}mon in waiting."
522,,Struggle Bug,,Bug,,Sp,,Cu,,20,,50,,100,,5,,"While resisting, the user attacks the opposing Pok{E[ACUTE]}mon. This lowers the Sp. Atk stat of those hit."
523,,Bulldoze,,Ground,,P,,T,,20,,60,,100,,5,,The user strikes everything around it by stomping down on the ground. This lowers the Speed stat of those hit.
524,,Frost Breath,,Ice,,Sp,,B,,10,,60,,90,,5,,The user blows its cold breath on the target. This attack always results in a critical hit.
525,,Dragon Tail,,Dragon,,P,,T,,10,,60,,90,,5,,"The target is knocked away, and a different Pok{E[ACUTE]}mon is dragged out. In the wild, this ends a battle against a single Pok{E[ACUTE]}mon."
526,,Work Up,,Normal,,St,,T,,20,,n/a,,n/a,,5,,"The user is roused, and its Attack and Sp. Atk stats increase."
527,,Electroweb,,Electric,,Sp,,B,,15,,55,,95,,5,,The user attacks and captures opposing Pok{E[ACUTE]}mon by using an electric net. This lowers their Speed stat.
528,,Wild Charge,,Electric,,P,,T,,15,,90,,100,,5,,The user shrouds itself in electricity and smashes into its target. This also damages the user a little.
529,,Drill Run,,Ground,,P,,T,,10,,80,,95,,5,,The user crashes into its target while rotating its body like a drill. Critical hits land more easily.
530,,Dual Chop,,Dragon,,P,,T,,15,,40,,90,,5,,The user attacks its target by hitting it with brutal strikes. The target is hit twice in a row.
531,,Heart Stamp,,Psychic,,P,,Cu,,25,,60,,100,,5,,The user unleashes a vicious blow after its cute act makes the target less wary. This may also make the target flinch.
532,,Horn Leech,,Grass,,P,,T,,10,,75,,100,,5,,The user drains the target's energy with its horns. The user's HP is restored by half the damage taken by the target.
533,,Sacred Sword,,Fighting,,P,,C,,15,,90,,100,,5,,The user attacks by slicing with a long horn. The target's stat changes don't affect this attack's damage.
534,,Razor Shell,,Water,,P,,C,,10,,75,,95,,5,,The user cuts its target with sharp shells. This may also lower the target's Defense stat.
535,,Heat Crash,,Fire,,P,,T,,10,,n/a,,100,,5,,"The user slams its target with its flame-covered body. The more the user outweighs the target, the greater the move's power."
536,,Leaf Tornado,,Grass,,Sp,,C,,10,,65,,90,,5,,The user attacks its target by encircling it in sharp leaves. This attack may also lower the target's accuracy.
537,,Steamroller,,Bug,,P,,T,,20,,65,,100,,5,,The user crushes its targets by rolling over them with its rolled-up body. This attack may make the target flinch.
538,,Cotton Guard,,Grass,,St,,Cu,,10,,n/a,,n/a,,5,,"The user protects itself by wrapping its body in soft cotton, which drastically raises the user's Defense stat."
539,,Night Daze,,Dark,,Sp,,C,,10,,85,,95,,5,,The user lets loose a pitch-black shock wave at its target. This may also lower the target's accuracy.
540,,Psystrike,,Psychic,,Sp,,C,,10,,100,,100,,5,,The user materializes an odd psychic wave to attack the target. This attack does physical damage.
541,,Tail Slap,,Normal,,P,,Cu,,10,,25,,85,,5,,The user attacks by striking the target with its hard tail. It hits the target two to five times in a row.
542,,Hurricane,,Flying,,Sp,,T,,10,,110,,70,,5,,The user attacks by wrapping its opponent in a fierce wind that flies up into the sky. This may also confuse the target.
543,,Head Charge,,Normal,,P,,T,,15,,120,,100,,5,,"The user charges its head into its target, using its powerful guard hair. This also damages the user a little."
544,,Gear Grind,,Steel,,P,,Cl,,15,,50,,85,,5,,The user attacks by throwing steel gears at its target twice.
545,,Searing Shot,,Fire,,Sp,,C,,5,,100,,100,,5,,The user torches everything around it with an inferno of scarlet flames. This may also leave those hit with a burn.
546,,Techno Blast,,Normal,,Sp,,C,,5,,120,,100,,5,,The user fires a beam of light at its target. The move's type changes depending on the Drive the user holds.
547,,Relic Song,,Normal,,Sp,,B,,10,,75,,100,,5,,The user sings an ancient song and attacks by appealing to the hearts of the listening opposing Pok{E[ACUTE]}mon. This may also induce sleep.
548,,Secret Sword,,Fighting,,Sp,,B,,10,,85,,100,,5,,The user cuts with its long horn. The odd power contained in the horn does physical damage to the target.
549,,Glaciate,,Ice,,Sp,,B,,10,,65,,95,,5,,The user attacks by blowing freezing cold air at opposing Pok{E[ACUTE]}mon. This lowers their Speed stat.
550,,Bolt Strike,,Electric,,P,,B,,5,,130,,85,,5,,The user surrounds itself with a great amount of electricity and charges its target. This may also leave the target with paralysis.
551,,Blue Flare,,Fire,,Sp,,B,,5,,130,,85,,5,,"The user attacks by engulfing the target in an intense, yet beautiful, blue flame. This may also leave the target with a burn."
552,,Fiery Dance,,Fire,,Sp,,B,,10,,80,,100,,5,,"Cloaked in flames, the user dances and flaps its wings. This may also raise the user's Sp. Atk stat."
553,,Freeze Shock,,Ice,,P,,B,,5,,140,,90,,5,,"On the second turn, the user hits the target with electrically charged ice. This may also leave the target with paralysis."
554,,Ice Burn,,Ice,,Sp,,B,,5,,140,,90,,5,,"On the second turn, an ultracold, freezing wind surrounds the target. This may leave the target with a burn."
555,,Snarl,,Dark,,Sp,,T,,15,,55,,95,,5,,"The user yells as if it's ranting about something, which lowers the Sp. Atk stat of opposing Pok{E[ACUTE]}mon."
556,,Icicle Crash,,Ice,,P,,B,,10,,85,,90,,5,,The user attacks by harshly dropping large icicles onto the target. This may also make the target flinch.
557,,V-create,,Fire,,P,,C,,5,,180,,95,,5,,"With a hot flame on its forehead, the user hurls itself at its target. This lowers the user's Defense, Sp. Def, and Speed stats."
558,,Fusion Flare,,Fire,,Sp,,B,,5,,100,,100,,5,,The user brings down a giant flame. This attack is more powerful when influenced by an enormous thunderbolt.
559,,Fusion Bolt,,Electric,,P,,C,,5,,100,,100,,5,,The user throws down a giant thunderbolt. This move is more powerful when influenced by an enormous flame.
560,,Flying Press,,Fighting,,P,,T,,10,,80,,95,,6,,The user dives down onto the target from the sky. This move is Fighting and Flying type simultaneously.
561,,Mat Block,,Fighting,,St,,C,,10,,n/a,,n/a,,6,,"Using a pulled-up mat as a shield, the user protects itself and its allies from damaging moves. This does not stop status moves."
562,,Belch,,Poison,,Sp,,T,,10,,120,,90,,6,,The user lets out a damaging belch on the target. The user must eat a Berry to use this move.
563,,Rototiller,,Ground,,St,,T,,10,,n/a,,n/a,,6,,"Tilling the soil, the user makes it easier for plants to grow. This raises the Attack and Sp. Atk stats of Grass-type Pok{E[ACUTE]}mon."
564,,Sticky Web,,Bug,,St,,T,,20,,n/a,,n/a,,6,,"The user weaves a sticky net around the opposing team, which lowers their Speed stat upon switching into battle."
565,,Fell Stinger,,Bug,,P,,C,,25,,30,,100,,6,,"When the user knocks out a target with this move, the user's Attack stat rises sharply."
566,,Phantom Force,,Ghost,,P,,,,10,,90,,100,,6,,"The user vanishes somewhere, then strikes the target on the next turn. This move hits even if the target protects itself."
567,,Trick-or-Treat,,Ghost,,St,,Cu,,20,,n/a,,100,,6,,The user takes the target trick-or-treating. This adds Ghost type to the target's type.
568,,Noble Roar,,Normal,,St,,T,,30,,n/a,,100,,6,,"Letting out a noble roar, the user intimidates the target and lowers its Attack and Sp. Atk stats."
569,,Ion Deluge,,Electric,,St,,B,,25,,n/a,,n/a,,6,,"The user disperses electrically charged particles, which changes Normal-type moves to Electric-type moves."
570,,Parabolic Charge,,Electric,,Sp,,Cl,,20,,50,,100,,6,,The user attacks everything around it. The user's HP is restored by half the damage taken by those hit.
571,,Forest's Curse,,Grass,,St,,Cl,,20,,n/a,,100,,6,,The user puts a forest curse on the target. Afflicted targets are now Grass type as well.
572,,Petal Blizzard,,Grass,,P,,B,,15,,90,,100,,6,,The user stirs up a violent petal blizzard and attacks everything around it.
573,,Freeze-Dry,,Ice,,Sp,,B,,20,,70,,100,,6,,The user rapidly cools the target. This may also leave the target frozen. This move is super effective on Water types.
574,,Disarming Voice,,Fairy,,Sp,,Cu,,15,,40,,n/a,,6,,"Letting out a charming cry, the user does emotional damage to opposing Pok{E[ACUTE]}mon. This attack never misses."
575,,Parting Shot,,Dark,,St,,C,,20,,n/a,,100,,6,,"With a parting threat, the user lowers the target's Attack and Sp. Atk stats. Then it switches with a party Pok{E[ACUTE]}mon."
576,,Topsy-Turvy,,Dark,,St,,Cl,,20,,n/a,,100,,6,,All stat changes affecting the target turn topsy-turvy and become the opposite of what they were.
577,,Draining Kiss,,Fairy,,Sp,,Cu,,10,,50,,100,,6,,The user steals the target's energy with a kiss. The user's HP is restored by over half of the damage taken by the target.
578,,Crafty Shield,,Fairy,,St,,Cl,,10,,n/a,,n/a,,6,,The user protects itself and its allies from status moves with a mysterious power. This does not stop moves that do damage.
579,,Flower Shield,,Fairy,,St,,B,,10,,n/a,,n/a,,6,,The user raises the Defense stat of all Grass-type Pok{E[ACUTE]}mon in battle with a mysterious power.
580,,Grassy Terrain,,Grass,,St,,B,,10,,n/a,,n/a,,6,,The user turns the ground under everyone's feet to grass for five turns. This restores the HP of Pok{E[ACUTE]}mon on the ground a little every turn.
581,,Misty Terrain,,Fairy,,St,,B,,10,,n/a,,n/a,,6,,The user covers the ground under everyone's feet with mist for five turns. This protects Pok{E[ACUTE]}mon on the ground from status conditions.
582,,Electrify,,Electric,,St,,Cl,,20,,n/a,,n/a,,6,,"If the target is electrified before it uses a move during that turn, the target's move becomes Electric type."
583,,Play Rough,,Fairy,,P,,Cu,,10,,90,,90,,6,,The user plays rough with the target and attacks it. This may also lower the target's Attack stat.
584,,Fairy Wind,,Fairy,,Sp,,B,,30,,40,,n/a,,6,,The user stirs up a fairy wind and strikes the target with it.
585,,Moonblast,,Fairy,,Sp,,B,,15,,95,,100,,6,,"Borrowing the power of the moon, the user attacks the target. This may also lower the target's Sp. Atk stat."
586,,Boomburst,,Normal,,Sp,,T,,10,,140,,100,,6,,"The user attacks everything around it with the destructive power of a terrible, explosive sound."
587,,Fairy Lock,,Fairy,,St,,Cl,,10,,n/a,,n/a,,6,,"By locking down the battlefield, the user keeps all Pok{E[ACUTE]}mon from fleeing during the next turn."
588,,King's Shield,,Steel,,St,,C,,10,,n/a,,n/a,,6,,The user takes a defensive stance while it protects itself from damage. It also harshly lowers the Attack stat of any attacker who makes direct contact.
589,,Play Nice,,Normal,,St,,Cu,,20,,n/a,,n/a,,6,,"The user and the target become friends, and the target loses its will to fight. This lowers the target's Attack stat."
590,,Confide,,Normal,,St,,Cu,,20,,n/a,,n/a,,6,,"The user tells the target a secret, and the target loses its ability to concentrate. This lowers the target's Sp. Atk. stat."
591,,Diamond Storm,,Rock,,P,,B,,5,,100,,95,,6,,The user whips up a storm of diamonds to damage opposing Pok{E[ACUTE]}mon. This may also raise the user's Defense stat.
592,,Steam Eruption,,Water,,Sp,,B,,5,,110,,95,,6,,The user immerses the target in superheated steam. This may also leave the target with a burn.
593,,Hyperspace Hole,,Psychic,,Sp,,Cl,,5,,80,,n/a,,6,,"Using a hyperspace hole, the user appears right next to the target and strikes. This also hits a target using Protect or Detect."
594,,Water Shuriken,,Water,,P,,C,,20,,15,,100,,6,,The user hits the target with throwing stars two to five times in a row. This move always goes first.
595,,Mystical Fire,,Fire,,Sp,,B,,10,,65,,100,,6,,"The user attacks by breathing a special, hot fire. This also lowers the target's Sp. Atk stat."
596,,Spiky Shield,,Grass,,St,,T,,10,,n/a,,n/a,,6,,"In addition to protecting the user from attacks, this move also damages any attacker who makes direct contact."
597,,Aromatic Mist,,Fairy,,St,,B,,20,,n/a,,n/a,,6,,The user raises the Sp. Def stat of an ally Pok{E[ACUTE]}mon with a mysterious aroma.
598,,Eerie Impulse,,Electric,,St,,Cl,,15,,n/a,,100,,6,,The user's body generates an eerie impulse. Exposing the target to it harshly lowers the target's Sp. Atk stat.
599,,Venom Drench,,Poison,,St,,Cl,,20,,n/a,,100,,6,,"Opposing Pok{E[ACUTE]}mon are drenched in an odd poisonous liquid. This lowers the Attack, Sp. Atk, and Speed stats of a poisoned target."
600,,Powder,,Bug,,St,,Cl,,20,,n/a,,100,,6,,The user covers the target in a powder that explodes and damages the target if it uses a Fire-type move.
601,,Geomancy,,Fairy,,St,,B,,10,,n/a,,n/a,,6,,"The user absorbs energy and sharply raises its Sp. Atk, Sp. Def, and Speed stats on the next turn."
602,,Magnetic Flux,,Electric,,St,,Cl,,20,,n/a,,n/a,,6,,The user manipulates magnetic fields which raises the Defense and Sp. Def stats of ally Pok{E[ACUTE]}mon with the Plus or Minus Ability.
603,,Happy Hour,,Normal,,St,,Cu,,30,,n/a,,n/a,,6,,Using Happy Hour doubles the amount of prize money received after battle.
604,,Electric Terrain,,Electric,,St,,Cl,,10,,n/a,,n/a,,6,,The user electrifies the ground under everyone's feet for five turns. Pok{E[ACUTE]}mon on the ground no longer fall asleep.
605,,Dazzling Gleam,,Fairy,,Sp,,B,,10,,80,,100,,6,,The user damages opposing Pok{E[ACUTE]}mon by emitting a powerful flash.
606,,Celebrate,,Normal,,St,,Cu,,40,,n/a,,n/a,,6,,The Pok{E[ACUTE]}mon congratulates you on your special day!
607,,Hold Hands,,Normal,,St,,Cu,,40,,n/a,,n/a,,6,,The user and an ally hold hands. This makes them very happy.
608,,Baby-Doll Eyes,,Fairy,,St,,Cu,,30,,n/a,,100,,6,,"The user stares at the target with its baby-doll eyes, which lowers its Attack stat. This move always goes first."
609,,Nuzzle,,Electric,,P,,Cu,,20,,20,,100,,6,,The user attacks by nuzzling its electrified cheeks against the target. This also leaves the target with paralysis.
610,,Hold Back,,Normal,,P,,C,,40,,40,,100,,6,,The user holds back when it attacks and the target is left with at least 1 HP.
611,,Infestation,,Bug,,Sp,,Cu,,20,,20,,100,,6,,The target is infested and attacked for four to five turns. The target can't flee during this time.
612,,Power-Up Punch,,Fighting,,P,,T,,20,,40,,100,,6,,Striking opponents over and over makes the user's fists harder. Hitting a target raises the Attack stat.
613,,Oblivion Wing,,Flying,,Sp,,C,,10,,80,,100,,6,,The user absorbs its target's HP. The user's HP is restored by over half of the damage taken by the target.
614,,Thousand Arrows,,Ground,,P,,B,,10,,90,,100,,6,,This move also hits opposing Pok{E[ACUTE]}mon that are in the air. Those Pok{E[ACUTE]}mon are knocked down to the ground.
615,,Thousand Waves,,Ground,,P,,T,,10,,90,,100,,6,,The user attacks with a wave that crawls along the ground. Those hit can't flee from battle.
616,,Land's Wrath,,Ground,,P,,B,,10,,90,,100,,6,,The user gathers the energy of the land and focuses that power on opposing Pok{E[ACUTE]}mon to damage them.
617,,Light of Ruin,,Fairy,,Sp,,B,,5,,140,,90,,6,,"Drawing power from the Eternal Flower, the user fires a powerful beam of light. This also damages the user quite a lot."
618,,Origin Pulse,,Water,,Sp,,B,,10,,110,,85,,6,,The user attacks opposing Pok{E[ACUTE]}mon with countless beams of light that glow a deep and brilliant blue.
619,,Precipice Blades,,Ground,,P,,C,,10,,120,,85,,6,,The user attacks opposing Pok{E[ACUTE]}mon by manifesting the power of the land in fearsome blades of stone.
620,,Dragon Ascent,,Flying,,P,,B,,5,,120,,100,,6,,"After soaring upward, the user attacks its target by dropping out of the sky at high speeds, although it lowers its own Defense and Sp. Def in the process."
621,,Hyperspace Fury,,Dark,,P,,T,,5,,100,,n/a,,6,,"Using its many arms, the user unleashes a barrage of attacks that ignore the effects of moves like Protect and Detect. This attack lowers the user's Defense."
